-- --------------------------------------------------
--  Script de creación de base de datos Ghost Running
-- -------------------------------------------------

CREATE DATABASE IF NOT EXISTS Ghost_Running CHARACTER SET utf8mb4 COLLATE utf8mb4_unicode_ci;
USE Ghost_Running;


INSERT INTO `Usuario` (`Usu_Correo`, `Usu_Username`, `Usu_Contrasena`, `Usu_Nombres`, `Usu_Apellidos`, `Usu_Edad`, `Usu_FotoPerfil`, `Usu_Descripcion`, `Usu_FechaRegistro`, `Usu_Genero`) VALUES ('user0@ghost.com', 'achang', '31318c7f2b09e989ccb6c41aafcb6de0db6601728c103482a6e65e61b7440b61', 'Tammy', 'Tucker', 39, NULL, 'Whose group through despite cause.', '2020-10-19', 'Femenino');
INSERT INTO `Usuario` (`Usu_Correo`, `Usu_Username`, `Usu_Contrasena`, `Usu_Nombres`, `Usu_Apellidos`, `Usu_Edad`, `Usu_FotoPerfil`, `Usu_Descripcion`, `Usu_FechaRegistro`, `Usu_Genero`) VALUES ('user1@ghost.com', 'montgomeryjohn', 'c206603d93d46c3d992603cd2044f04211ec69f47979f6ca460d28a7c3559a60', 'Tonya', 'Patrick', 17, NULL, 'Financial role together range.', '2022-09-16', 'Femenino');
INSERT INTO `Usuario` (`Usu_Correo`, `Usu_Username`, `Usu_Contrasena`, `Usu_Nombres`, `Usu_Apellidos`, `Usu_Edad`, `Usu_FotoPerfil`, `Usu_Descripcion`, `Usu_FechaRegistro`, `Usu_Genero`) VALUES ('user2@ghost.com', 'gomezleslie', 'abceb130911365b01c660d2bb1cc972b1a266e982892cf6bbeb2638ecd2a7beb', 'James', 'Tran', 47, NULL, 'Tend employee source nature add rest.', '2022-04-15', 'Femenino');
INSERT INTO `Usuario` (`Usu_Correo`, `Usu_Username`, `Usu_Contrasena`, `Usu_Nombres`, `Usu_Apellidos`, `Usu_Edad`, `Usu_FotoPerfil`, `Usu_Descripcion`, `Usu_FechaRegistro`, `Usu_Genero`) VALUES ('user3@ghost.com', 'salazarmaria', '4bf6c669c4e85fe33ed2e4c50ba3a6b9be2c1be2d530bf8b5b273be8b0e89778', 'Jessica', 'Padilla', 40, NULL, 'Course nothing draw whose.', '2024-08-10', 'Femenino');
INSERT INTO `Usuario` (`Usu_Correo`, `Usu_Username`, `Usu_Contrasena`, `Usu_Nombres`, `Usu_Apellidos`, `Usu_Edad`, `Usu_FotoPerfil`, `Usu_Descripcion`, `Usu_FechaRegistro`, `Usu_Genero`) VALUES ('user4@ghost.com', 'udavis', 'bc0066f805d7c737f906e761a18c055951d707863f1d121f71e851d5aafa58a5', 'Whitney', 'Burns', 45, NULL, 'Necessary religious natural sport music.', '2025-07-13', 'Femenino');
INSERT INTO `Usuario` (`Usu_Correo`, `Usu_Username`, `Usu_Contrasena`, `Usu_Nombres`, `Usu_Apellidos`, `Usu_Edad`, `Usu_FotoPerfil`, `Usu_Descripcion`, `Usu_FechaRegistro`, `Usu_Genero`) VALUES ('user5@ghost.com', 'sean96', '8098ddb8efc9e685e18165a9222a7bb2093c2ecffd83c257ae4280ed16b5b4ef', 'John', 'White', 52, NULL, 'Almost wonder employee attorney.', '2023-11-23', 'Masculino');
INSERT INTO `Usuario` (`Usu_Correo`, `Usu_Username`, `Usu_Contrasena`, `Usu_Nombres`, `Usu_Apellidos`, `Usu_Edad`, `Usu_FotoPerfil`, `Usu_Descripcion`, `Usu_FechaRegistro`, `Usu_Genero`) VALUES ('user6@ghost.com', 'nancymclean', 'c1cd35603ddd4116f5db0012782745e4fd53103aa2ba024b357454c3c7dfbcd5', 'Rachael', 'Leblanc', 47, NULL, 'Raise study modern miss dog Democrat quickly.', '2024-09-25', 'Masculino');
INSERT INTO `Usuario` (`Usu_Correo`, `Usu_Username`, `Usu_Contrasena`, `Usu_Nombres`, `Usu_Apellidos`, `Usu_Edad`, `Usu_FotoPerfil`, `Usu_Descripcion`, `Usu_FechaRegistro`, `Usu_Genero`) VALUES ('user7@ghost.com', 'criley', '260932e5cde6b692361403043e96e000f9114856793ccaf4d45ac3ac27cdc4b3', 'Danielle', 'Graves', 33, NULL, 'Bank party main picture suddenly drug.', '2024-03-13', 'Masculino');
INSERT INTO `Usuario` (`Usu_Correo`, `Usu_Username`, `Usu_Contrasena`, `Usu_Nombres`, `Usu_Apellidos`, `Usu_Edad`, `Usu_FotoPerfil`, `Usu_Descripcion`, `Usu_FechaRegistro`, `Usu_Genero`) VALUES ('user8@ghost.com', 'thorntonnathan', '4124f351226c5027265a788c35b174f64d854f799d061737ae569b0f0384af7b', 'Ronald', 'Brown', 21, NULL, 'Talk despite stage plant.', '2025-05-16', 'Otro');
INSERT INTO `Usuario` (`Usu_Correo`, `Usu_Username`, `Usu_Contrasena`, `Usu_Nombres`, `Usu_Apellidos`, `Usu_Edad`, `Usu_FotoPerfil`, `Usu_Descripcion`, `Usu_FechaRegistro`, `Usu_Genero`) VALUES ('user9@ghost.com', 'johnsoncynthia', '29f17d230ec16097cfbeedb667952308e35e6376f9daac3b064f97e69367af6e', 'Barbara', 'Myers', 31, NULL, 'Street break painting create wife responsibility.', '2022-10-01', 'Otro');
INSERT INTO `Usuario` (`Usu_Correo`, `Usu_Username`, `Usu_Contrasena`, `Usu_Nombres`, `Usu_Apellidos`, `Usu_Edad`, `Usu_FotoPerfil`, `Usu_Descripcion`, `Usu_FechaRegistro`, `Usu_Genero`) VALUES ('user10@ghost.com', 'gilesandrew', '5dc533f000f9a1dbf99084641f335a49bb20873944061c7431e039954e26f793', 'Craig', 'Green', 60, NULL, 'Author feeling job article level.', '2023-06-04', 'Otro');
INSERT INTO `Usuario` (`Usu_Correo`, `Usu_Username`, `Usu_Contrasena`, `Usu_Nombres`, `Usu_Apellidos`, `Usu_Edad`, `Usu_FotoPerfil`, `Usu_Descripcion`, `Usu_FechaRegistro`, `Usu_Genero`) VALUES ('user11@ghost.com', 'wgonzalez', '31b01fe9e6e0fc4b60e53e77b6bc4806062d23bfa09afe55956c541371c0f52a', 'Theodore', 'Barrera', 24, NULL, 'College pull whom around put suddenly garden.', '2021-06-09', 'Femenino');
INSERT INTO `Usuario` (`Usu_Correo`, `Usu_Username`, `Usu_Contrasena`, `Usu_Nombres`, `Usu_Apellidos`, `Usu_Edad`, `Usu_FotoPerfil`, `Usu_Descripcion`, `Usu_FechaRegistro`, `Usu_Genero`) VALUES ('user12@ghost.com', 'awade', '316579b6832daaf34e0bffa539d9a020ebe64d69452a5081058924dce3880760', 'Robert', 'Carroll', 21, NULL, 'True power home price check real leader.', '2020-06-14', 'Otro');
INSERT INTO `Usuario` (`Usu_Correo`, `Usu_Username`, `Usu_Contrasena`, `Usu_Nombres`, `Usu_Apellidos`, `Usu_Edad`, `Usu_FotoPerfil`, `Usu_Descripcion`, `Usu_FechaRegistro`, `Usu_Genero`) VALUES ('user13@ghost.com', 'stephensdennis', '5552f1a918d9957252bc41f2be0ff93ffd29f609af9fb6fbdd1d9201709ca709', 'Timothy', 'Bishop', 19, NULL, 'Opportunity throughout take car financial security.', '2024-10-03', 'Otro');
INSERT INTO `Usuario` (`Usu_Correo`, `Usu_Username`, `Usu_Contrasena`, `Usu_Nombres`, `Usu_Apellidos`, `Usu_Edad`, `Usu_FotoPerfil`, `Usu_Descripcion`, `Usu_FechaRegistro`, `Usu_Genero`) VALUES ('user14@ghost.com', 'smithjames', 'ae2abb9adb3a993207a6537a90ac64f4d12d70f78fd7bb188d3fa6221feafdfd', 'John', 'Walsh', 36, NULL, 'Report purpose themselves all the nothing.', '2024-06-06', 'Femenino');
INSERT INTO `Usuario` (`Usu_Correo`, `Usu_Username`, `Usu_Contrasena`, `Usu_Nombres`, `Usu_Apellidos`, `Usu_Edad`, `Usu_FotoPerfil`, `Usu_Descripcion`, `Usu_FechaRegistro`, `Usu_Genero`) VALUES ('user15@ghost.com', 'martincaleb', 'ca3a383045d5db2bf51e16af5549c753114e7939ae068714d61a664d3bdd1fcf', 'Sean', 'Dyer', 50, NULL, 'Page a although for study anyone state.', '2025-08-03', 'Masculino');
INSERT INTO `Usuario` (`Usu_Correo`, `Usu_Username`, `Usu_Contrasena`, `Usu_Nombres`, `Usu_Apellidos`, `Usu_Edad`, `Usu_FotoPerfil`, `Usu_Descripcion`, `Usu_FechaRegistro`, `Usu_Genero`) VALUES ('user16@ghost.com', 'olopez', '1b9017ff2663c9b2e03c4281374fc812ecec7893d020414287d5c97ba4a32ffb', 'Mary', 'Anderson', 37, NULL, 'I question first.', '2021-03-23', 'Femenino');
INSERT INTO `Usuario` (`Usu_Correo`, `Usu_Username`, `Usu_Contrasena`, `Usu_Nombres`, `Usu_Apellidos`, `Usu_Edad`, `Usu_FotoPerfil`, `Usu_Descripcion`, `Usu_FechaRegistro`, `Usu_Genero`) VALUES ('user17@ghost.com', 'bairdemma', '1528230b31da97fff240c26cb1ba65cade7e317771ea1cca5b5738fe0085061e', 'James', 'Franklin', 35, NULL, 'Them evidence without beyond take.', '2022-04-11', 'Otro');
INSERT INTO `Usuario` (`Usu_Correo`, `Usu_Username`, `Usu_Contrasena`, `Usu_Nombres`, `Usu_Apellidos`, `Usu_Edad`, `Usu_FotoPerfil`, `Usu_Descripcion`, `Usu_FechaRegistro`, `Usu_Genero`) VALUES ('user18@ghost.com', 'johnsonrobin', 'c5b1ed1912f16887e02445e9e6455cd44c3d5fa70dc27bafaa6ddeae056da5f8', 'Darrell', 'Scott', 55, NULL, 'Stage population boy child surface amount day.', '2021-06-28', 'Masculino');
INSERT INTO `Usuario` (`Usu_Correo`, `Usu_Username`, `Usu_Contrasena`, `Usu_Nombres`, `Usu_Apellidos`, `Usu_Edad`, `Usu_FotoPerfil`, `Usu_Descripcion`, `Usu_FechaRegistro`, `Usu_Genero`) VALUES ('user19@ghost.com', 'stacey90', 'e811262bee832f1888db95db60c42367f841a68972ca25b64d756894fba84c3f', 'Susan', 'Lawson', 50, NULL, 'Republican total policy head Mrs debate onto.', '2020-01-19', 'Femenino');
INSERT INTO `Usuario` (`Usu_Correo`, `Usu_Username`, `Usu_Contrasena`, `Usu_Nombres`, `Usu_Apellidos`, `Usu_Edad`, `Usu_FotoPerfil`, `Usu_Descripcion`, `Usu_FechaRegistro`, `Usu_Genero`) VALUES ('user20@ghost.com', 'josephmorgan', '3be2fa3e1eff9b58760de2b9826e4a514b28ef95ac014b8ded44621189177086', 'Clayton', 'Chan', 43, NULL, 'Among clearly word.', '2021-08-29', 'Otro');
INSERT INTO `Usuario` (`Usu_Correo`, `Usu_Username`, `Usu_Contrasena`, `Usu_Nombres`, `Usu_Apellidos`, `Usu_Edad`, `Usu_FotoPerfil`, `Usu_Descripcion`, `Usu_FechaRegistro`, `Usu_Genero`) VALUES ('user21@ghost.com', 'ihays', 'fcb203f8b3ef44cc028900db4cb6b1baa2930d7a3cdec0124cf58e9815116ec6', 'Timothy', 'Allen', 31, NULL, 'Film tax rock.', '2021-09-26', 'Masculino');
INSERT INTO `Usuario` (`Usu_Correo`, `Usu_Username`, `Usu_Contrasena`, `Usu_Nombres`, `Usu_Apellidos`, `Usu_Edad`, `Usu_FotoPerfil`, `Usu_Descripcion`, `Usu_FechaRegistro`, `Usu_Genero`) VALUES ('user22@ghost.com', 'kevin11', '73b126fc47e0f1bf504ac95dbcd844d618413a9b568b32cdd06f9d79f75f7bce', 'Timothy', 'Rogers', 50, NULL, 'Buy break marriage also friend reach.', '2020-11-22', 'Masculino');
INSERT INTO `Usuario` (`Usu_Correo`, `Usu_Username`, `Usu_Contrasena`, `Usu_Nombres`, `Usu_Apellidos`, `Usu_Edad`, `Usu_FotoPerfil`, `Usu_Descripcion`, `Usu_FechaRegistro`, `Usu_Genero`) VALUES ('user23@ghost.com', 'courtneybennett', '2aa6f0058cb4d1eb11782896e82b6976e05518cb06deb2985c31877e378f53d0', 'Danielle', 'Jones', 20, NULL, 'Cup determine his better.', '2023-03-12', 'Otro');
INSERT INTO `Usuario` (`Usu_Correo`, `Usu_Username`, `Usu_Contrasena`, `Usu_Nombres`, `Usu_Apellidos`, `Usu_Edad`, `Usu_FotoPerfil`, `Usu_Descripcion`, `Usu_FechaRegistro`, `Usu_Genero`) VALUES ('user24@ghost.com', 'shane79', '7a0360847c005aae8ff1f00ba13bbd3506079854f6104aebc835a9c23fdb25ca', 'Jeff', 'Miller', 40, NULL, 'Write end since issue grow.', '2020-05-13', 'Otro');
INSERT INTO `Usuario` (`Usu_Correo`, `Usu_Username`, `Usu_Contrasena`, `Usu_Nombres`, `Usu_Apellidos`, `Usu_Edad`, `Usu_FotoPerfil`, `Usu_Descripcion`, `Usu_FechaRegistro`, `Usu_Genero`) VALUES ('user25@ghost.com', 'leachshannon', 'af5bb546d600502c824f203272579efda64fea09a5e1efc1e0fbf5da16a00c06', 'David', 'Sanders', 57, NULL, 'Political young something perhaps bit.', '2022-08-18', 'Otro');
INSERT INTO `Usuario` (`Usu_Correo`, `Usu_Username`, `Usu_Contrasena`, `Usu_Nombres`, `Usu_Apellidos`, `Usu_Edad`, `Usu_FotoPerfil`, `Usu_Descripcion`, `Usu_FechaRegistro`, `Usu_Genero`) VALUES ('user26@ghost.com', 'amy21', '8ff6ec60fff16e4b0061a84ad73cbf606620afd6763ac91b6017b3125ecc9c6c', 'Tonya', 'Hernandez', 15, NULL, 'Point institution miss quickly thousand street.', '2025-09-23', 'Otro');
INSERT INTO `Usuario` (`Usu_Correo`, `Usu_Username`, `Usu_Contrasena`, `Usu_Nombres`, `Usu_Apellidos`, `Usu_Edad`, `Usu_FotoPerfil`, `Usu_Descripcion`, `Usu_FechaRegistro`, `Usu_Genero`) VALUES ('user27@ghost.com', 'amyvelazquez', '843fc080d48ceb53ffa22a62ebb19101558dd61b32bbc1e95c5510225740f9d7', 'Janice', 'Burgess', 46, NULL, 'Stand along chance either six success.', '2023-05-06', 'Femenino');
INSERT INTO `Usuario` (`Usu_Correo`, `Usu_Username`, `Usu_Contrasena`, `Usu_Nombres`, `Usu_Apellidos`, `Usu_Edad`, `Usu_FotoPerfil`, `Usu_Descripcion`, `Usu_FechaRegistro`, `Usu_Genero`) VALUES ('user28@ghost.com', 'fjones', 'caf5e85e8815f02d2b2be2c1f1bc33846bd6b7545f9df3e967be63d9db9aed83', 'Ruth', 'Jones', 30, NULL, 'American address such former.', '2020-12-02', 'Otro');
INSERT INTO `Usuario` (`Usu_Correo`, `Usu_Username`, `Usu_Contrasena`, `Usu_Nombres`, `Usu_Apellidos`, `Usu_Edad`, `Usu_FotoPerfil`, `Usu_Descripcion`, `Usu_FechaRegistro`, `Usu_Genero`) VALUES ('user29@ghost.com', 'mistymurray', '0ab6202bde48d420a4eea1e5b3170f00c661a2cbada3272f5911b5bfe6c6a94d', 'Patrick', 'Moreno', 35, NULL, 'Off question source.', '2024-05-07', 'Otro');




INSERT INTO `Estado_Fisico` (`Est_Fis_ID`, `Est_Fis_Peso`, `Est_Fis_Altura`, `Usu_Correo`) VALUES (1252, 84.8, 1.6, 'user0@ghost.com');
INSERT INTO `Estado_Fisico` (`Est_Fis_ID`, `Est_Fis_Peso`, `Est_Fis_Altura`, `Usu_Correo`) VALUES (6986, 72.7, 1.62, 'user1@ghost.com');
INSERT INTO `Estado_Fisico` (`Est_Fis_ID`, `Est_Fis_Peso`, `Est_Fis_Altura`, `Usu_Correo`) VALUES (3377, 88.7, 1.9, 'user2@ghost.com');
INSERT INTO `Estado_Fisico` (`Est_Fis_ID`, `Est_Fis_Peso`, `Est_Fis_Altura`, `Usu_Correo`) VALUES (4746, 67.9, 1.54, 'user3@ghost.com');
INSERT INTO `Estado_Fisico` (`Est_Fis_ID`, `Est_Fis_Peso`, `Est_Fis_Altura`, `Usu_Correo`) VALUES (8773, 62.8, 1.75, 'user4@ghost.com');
INSERT INTO `Estado_Fisico` (`Est_Fis_ID`, `Est_Fis_Peso`, `Est_Fis_Altura`, `Usu_Correo`) VALUES (9808, 87.3, 1.55, 'user5@ghost.com');
INSERT INTO `Estado_Fisico` (`Est_Fis_ID`, `Est_Fis_Peso`, `Est_Fis_Altura`, `Usu_Correo`) VALUES (6846, 72.1, 1.85, 'user6@ghost.com');
INSERT INTO `Estado_Fisico` (`Est_Fis_ID`, `Est_Fis_Peso`, `Est_Fis_Altura`, `Usu_Correo`) VALUES (7901, 71.9, 1.91, 'user7@ghost.com');
INSERT INTO `Estado_Fisico` (`Est_Fis_ID`, `Est_Fis_Peso`, `Est_Fis_Altura`, `Usu_Correo`) VALUES (6367, 71.6, 1.98, 'user8@ghost.com');
INSERT INTO `Estado_Fisico` (`Est_Fis_ID`, `Est_Fis_Peso`, `Est_Fis_Altura`, `Usu_Correo`) VALUES (9953, 74.1, 1.79, 'user9@ghost.com');
INSERT INTO `Estado_Fisico` (`Est_Fis_ID`, `Est_Fis_Peso`, `Est_Fis_Altura`, `Usu_Correo`) VALUES (9608, 67.8, 1.8, 'user10@ghost.com');
INSERT INTO `Estado_Fisico` (`Est_Fis_ID`, `Est_Fis_Peso`, `Est_Fis_Altura`, `Usu_Correo`) VALUES (3827, 65.4, 1.79, 'user11@ghost.com');
INSERT INTO `Estado_Fisico` (`Est_Fis_ID`, `Est_Fis_Peso`, `Est_Fis_Altura`, `Usu_Correo`) VALUES (336, 61.6, 1.59, 'user12@ghost.com');
INSERT INTO `Estado_Fisico` (`Est_Fis_ID`, `Est_Fis_Peso`, `Est_Fis_Altura`, `Usu_Correo`) VALUES (4, 57.5, 1.81, 'user13@ghost.com');
INSERT INTO `Estado_Fisico` (`Est_Fis_ID`, `Est_Fis_Peso`, `Est_Fis_Altura`, `Usu_Correo`) VALUES (2982, 76.3, 1.74, 'user14@ghost.com');
INSERT INTO `Estado_Fisico` (`Est_Fis_ID`, `Est_Fis_Peso`, `Est_Fis_Altura`, `Usu_Correo`) VALUES (4956, 53.6, 1.88, 'user15@ghost.com');
INSERT INTO `Estado_Fisico` (`Est_Fis_ID`, `Est_Fis_Peso`, `Est_Fis_Altura`, `Usu_Correo`) VALUES (8305, 85.1, 1.96, 'user16@ghost.com');
INSERT INTO `Estado_Fisico` (`Est_Fis_ID`, `Est_Fis_Peso`, `Est_Fis_Altura`, `Usu_Correo`) VALUES (9344, 83.7, 1.95, 'user17@ghost.com');
INSERT INTO `Estado_Fisico` (`Est_Fis_ID`, `Est_Fis_Peso`, `Est_Fis_Altura`, `Usu_Correo`) VALUES (4170, 86.9, 1.77, 'user18@ghost.com');
INSERT INTO `Estado_Fisico` (`Est_Fis_ID`, `Est_Fis_Peso`, `Est_Fis_Altura`, `Usu_Correo`) VALUES (5451, 65.7, 1.85, 'user19@ghost.com');
INSERT INTO `Estado_Fisico` (`Est_Fis_ID`, `Est_Fis_Peso`, `Est_Fis_Altura`, `Usu_Correo`) VALUES (1076, 61.0, 1.91, 'user20@ghost.com');
INSERT INTO `Estado_Fisico` (`Est_Fis_ID`, `Est_Fis_Peso`, `Est_Fis_Altura`, `Usu_Correo`) VALUES (8086, 84.0, 1.95, 'user21@ghost.com');
INSERT INTO `Estado_Fisico` (`Est_Fis_ID`, `Est_Fis_Peso`, `Est_Fis_Altura`, `Usu_Correo`) VALUES (4293, 73.6, 1.97, 'user22@ghost.com');
INSERT INTO `Estado_Fisico` (`Est_Fis_ID`, `Est_Fis_Peso`, `Est_Fis_Altura`, `Usu_Correo`) VALUES (4962, 73.2, 1.73, 'user23@ghost.com');
INSERT INTO `Estado_Fisico` (`Est_Fis_ID`, `Est_Fis_Peso`, `Est_Fis_Altura`, `Usu_Correo`) VALUES (6686, 76.4, 2.0, 'user24@ghost.com');
INSERT INTO `Estado_Fisico` (`Est_Fis_ID`, `Est_Fis_Peso`, `Est_Fis_Altura`, `Usu_Correo`) VALUES (6295, 86.7, 1.9, 'user25@ghost.com');
INSERT INTO `Estado_Fisico` (`Est_Fis_ID`, `Est_Fis_Peso`, `Est_Fis_Altura`, `Usu_Correo`) VALUES (6287, 53.3, 1.81, 'user26@ghost.com');
INSERT INTO `Estado_Fisico` (`Est_Fis_ID`, `Est_Fis_Peso`, `Est_Fis_Altura`, `Usu_Correo`) VALUES (1021, 69.5, 1.82, 'user27@ghost.com');
INSERT INTO `Estado_Fisico` (`Est_Fis_ID`, `Est_Fis_Peso`, `Est_Fis_Altura`, `Usu_Correo`) VALUES (2684, 83.8, 1.62, 'user28@ghost.com');
INSERT INTO `Estado_Fisico` (`Est_Fis_ID`, `Est_Fis_Peso`, `Est_Fis_Altura`, `Usu_Correo`) VALUES (2087, 79.3, 1.56, 'user29@ghost.com');





INSERT INTO `Objetivos_Semanal` (`Obj_Ent_Sem_ID`, `Obj_Ent_Sem_NumeroEntrenamientos`, `Obj_Ent_Sem_Distancia`, `Usu_Correo`) VALUES (3915, 3, 24.9, 'user0@ghost.com');
INSERT INTO `Objetivos_Semanal` (`Obj_Ent_Sem_ID`, `Obj_Ent_Sem_NumeroEntrenamientos`, `Obj_Ent_Sem_Distancia`, `Usu_Correo`) VALUES (4704, 3, 23.3, 'user1@ghost.com');
INSERT INTO `Objetivos_Semanal` (`Obj_Ent_Sem_ID`, `Obj_Ent_Sem_NumeroEntrenamientos`, `Obj_Ent_Sem_Distancia`, `Usu_Correo`) VALUES (5473, 2, 14.0, 'user2@ghost.com');
INSERT INTO `Objetivos_Semanal` (`Obj_Ent_Sem_ID`, `Obj_Ent_Sem_NumeroEntrenamientos`, `Obj_Ent_Sem_Distancia`, `Usu_Correo`) VALUES (910, 3, 44.2, 'user3@ghost.com');
INSERT INTO `Objetivos_Semanal` (`Obj_Ent_Sem_ID`, `Obj_Ent_Sem_NumeroEntrenamientos`, `Obj_Ent_Sem_Distancia`, `Usu_Correo`) VALUES (589, 3, 11.8, 'user4@ghost.com');
INSERT INTO `Objetivos_Semanal` (`Obj_Ent_Sem_ID`, `Obj_Ent_Sem_NumeroEntrenamientos`, `Obj_Ent_Sem_Distancia`, `Usu_Correo`) VALUES (7887, 6, 35.4, 'user5@ghost.com');
INSERT INTO `Objetivos_Semanal` (`Obj_Ent_Sem_ID`, `Obj_Ent_Sem_NumeroEntrenamientos`, `Obj_Ent_Sem_Distancia`, `Usu_Correo`) VALUES (6847, 6, 34.1, 'user6@ghost.com');
INSERT INTO `Objetivos_Semanal` (`Obj_Ent_Sem_ID`, `Obj_Ent_Sem_NumeroEntrenamientos`, `Obj_Ent_Sem_Distancia`, `Usu_Correo`) VALUES (2309, 2, 11.1, 'user7@ghost.com');
INSERT INTO `Objetivos_Semanal` (`Obj_Ent_Sem_ID`, `Obj_Ent_Sem_NumeroEntrenamientos`, `Obj_Ent_Sem_Distancia`, `Usu_Correo`) VALUES (8059, 7, 17.5, 'user8@ghost.com');
INSERT INTO `Objetivos_Semanal` (`Obj_Ent_Sem_ID`, `Obj_Ent_Sem_NumeroEntrenamientos`, `Obj_Ent_Sem_Distancia`, `Usu_Correo`) VALUES (9863, 6, 14.8, 'user9@ghost.com');
INSERT INTO `Objetivos_Semanal` (`Obj_Ent_Sem_ID`, `Obj_Ent_Sem_NumeroEntrenamientos`, `Obj_Ent_Sem_Distancia`, `Usu_Correo`) VALUES (1338, 2, 24.8, 'user10@ghost.com');
INSERT INTO `Objetivos_Semanal` (`Obj_Ent_Sem_ID`, `Obj_Ent_Sem_NumeroEntrenamientos`, `Obj_Ent_Sem_Distancia`, `Usu_Correo`) VALUES (2481, 2, 11.5, 'user11@ghost.com');
INSERT INTO `Objetivos_Semanal` (`Obj_Ent_Sem_ID`, `Obj_Ent_Sem_NumeroEntrenamientos`, `Obj_Ent_Sem_Distancia`, `Usu_Correo`) VALUES (5780, 2, 17.8, 'user12@ghost.com');
INSERT INTO `Objetivos_Semanal` (`Obj_Ent_Sem_ID`, `Obj_Ent_Sem_NumeroEntrenamientos`, `Obj_Ent_Sem_Distancia`, `Usu_Correo`) VALUES (6737, 3, 38.7, 'user13@ghost.com');
INSERT INTO `Objetivos_Semanal` (`Obj_Ent_Sem_ID`, `Obj_Ent_Sem_NumeroEntrenamientos`, `Obj_Ent_Sem_Distancia`, `Usu_Correo`) VALUES (577, 5, 18.4, 'user14@ghost.com');
INSERT INTO `Objetivos_Semanal` (`Obj_Ent_Sem_ID`, `Obj_Ent_Sem_NumeroEntrenamientos`, `Obj_Ent_Sem_Distancia`, `Usu_Correo`) VALUES (7640, 2, 47.5, 'user15@ghost.com');
INSERT INTO `Objetivos_Semanal` (`Obj_Ent_Sem_ID`, `Obj_Ent_Sem_NumeroEntrenamientos`, `Obj_Ent_Sem_Distancia`, `Usu_Correo`) VALUES (6336, 2, 31.8, 'user16@ghost.com');
INSERT INTO `Objetivos_Semanal` (`Obj_Ent_Sem_ID`, `Obj_Ent_Sem_NumeroEntrenamientos`, `Obj_Ent_Sem_Distancia`, `Usu_Correo`) VALUES (7519, 6, 14.1, 'user17@ghost.com');
INSERT INTO `Objetivos_Semanal` (`Obj_Ent_Sem_ID`, `Obj_Ent_Sem_NumeroEntrenamientos`, `Obj_Ent_Sem_Distancia`, `Usu_Correo`) VALUES (771, 4, 12.8, 'user18@ghost.com');
INSERT INTO `Objetivos_Semanal` (`Obj_Ent_Sem_ID`, `Obj_Ent_Sem_NumeroEntrenamientos`, `Obj_Ent_Sem_Distancia`, `Usu_Correo`) VALUES (1663, 2, 35.9, 'user19@ghost.com');
INSERT INTO `Objetivos_Semanal` (`Obj_Ent_Sem_ID`, `Obj_Ent_Sem_NumeroEntrenamientos`, `Obj_Ent_Sem_Distancia`, `Usu_Correo`) VALUES (7716, 4, 27.4, 'user20@ghost.com');
INSERT INTO `Objetivos_Semanal` (`Obj_Ent_Sem_ID`, `Obj_Ent_Sem_NumeroEntrenamientos`, `Obj_Ent_Sem_Distancia`, `Usu_Correo`) VALUES (332, 2, 30.1, 'user21@ghost.com');
INSERT INTO `Objetivos_Semanal` (`Obj_Ent_Sem_ID`, `Obj_Ent_Sem_NumeroEntrenamientos`, `Obj_Ent_Sem_Distancia`, `Usu_Correo`) VALUES (532, 2, 33.9, 'user22@ghost.com');
INSERT INTO `Objetivos_Semanal` (`Obj_Ent_Sem_ID`, `Obj_Ent_Sem_NumeroEntrenamientos`, `Obj_Ent_Sem_Distancia`, `Usu_Correo`) VALUES (9803, 7, 49.5, 'user23@ghost.com');
INSERT INTO `Objetivos_Semanal` (`Obj_Ent_Sem_ID`, `Obj_Ent_Sem_NumeroEntrenamientos`, `Obj_Ent_Sem_Distancia`, `Usu_Correo`) VALUES (2175, 3, 20.4, 'user24@ghost.com');
INSERT INTO `Objetivos_Semanal` (`Obj_Ent_Sem_ID`, `Obj_Ent_Sem_NumeroEntrenamientos`, `Obj_Ent_Sem_Distancia`, `Usu_Correo`) VALUES (5307, 7, 28.8, 'user25@ghost.com');
INSERT INTO `Objetivos_Semanal` (`Obj_Ent_Sem_ID`, `Obj_Ent_Sem_NumeroEntrenamientos`, `Obj_Ent_Sem_Distancia`, `Usu_Correo`) VALUES (1726, 6, 16.8, 'user26@ghost.com');
INSERT INTO `Objetivos_Semanal` (`Obj_Ent_Sem_ID`, `Obj_Ent_Sem_NumeroEntrenamientos`, `Obj_Ent_Sem_Distancia`, `Usu_Correo`) VALUES (8998, 7, 18.1, 'user27@ghost.com');
INSERT INTO `Objetivos_Semanal` (`Obj_Ent_Sem_ID`, `Obj_Ent_Sem_NumeroEntrenamientos`, `Obj_Ent_Sem_Distancia`, `Usu_Correo`) VALUES (5680, 2, 41.5, 'user28@ghost.com');
INSERT INTO `Objetivos_Semanal` (`Obj_Ent_Sem_ID`, `Obj_Ent_Sem_NumeroEntrenamientos`, `Obj_Ent_Sem_Distancia`, `Usu_Correo`) VALUES (3195, 3, 43.8, 'user29@ghost.com');





INSERT INTO `Ruta` (`Rut_ID`, `Rut_Distancia`) VALUES (1.0, 7.11);
INSERT INTO `Ruta` (`Rut_ID`, `Rut_Distancia`) VALUES (2.0, 6.01);
INSERT INTO `Ruta` (`Rut_ID`, `Rut_Distancia`) VALUES (3.0, 10.16);
INSERT INTO `Ruta` (`Rut_ID`, `Rut_Distancia`) VALUES (4.0, 8.31);
INSERT INTO `Ruta` (`Rut_ID`, `Rut_Distancia`) VALUES (5.0, 5.1);
INSERT INTO `Ruta` (`Rut_ID`, `Rut_Distancia`) VALUES (6.0, 8.66);
INSERT INTO `Ruta` (`Rut_ID`, `Rut_Distancia`) VALUES (7.0, 7.92);
INSERT INTO `Ruta` (`Rut_ID`, `Rut_Distancia`) VALUES (8.0, 9.83);
INSERT INTO `Ruta` (`Rut_ID`, `Rut_Distancia`) VALUES (9.0, 9.1);
INSERT INTO `Ruta` (`Rut_ID`, `Rut_Distancia`) VALUES (10.0, 6.74);
INSERT INTO `Ruta` (`Rut_ID`, `Rut_Distancia`) VALUES (11.0, 7.29);
INSERT INTO `Ruta` (`Rut_ID`, `Rut_Distancia`) VALUES (12.0, 13.05);
INSERT INTO `Ruta` (`Rut_ID`, `Rut_Distancia`) VALUES (13.0, 6.01);
INSERT INTO `Ruta` (`Rut_ID`, `Rut_Distancia`) VALUES (14.0, 9.73);
INSERT INTO `Ruta` (`Rut_ID`, `Rut_Distancia`) VALUES (15.0, 3.15);
INSERT INTO `Ruta` (`Rut_ID`, `Rut_Distancia`) VALUES (16.0, 11.9);
INSERT INTO `Ruta` (`Rut_ID`, `Rut_Distancia`) VALUES (17.0, 7.03);
INSERT INTO `Ruta` (`Rut_ID`, `Rut_Distancia`) VALUES (18.0, 3.55);
INSERT INTO `Ruta` (`Rut_ID`, `Rut_Distancia`) VALUES (19.0, 6.37);
INSERT INTO `Ruta` (`Rut_ID`, `Rut_Distancia`) VALUES (20.0, 5.88);
INSERT INTO `Ruta` (`Rut_ID`, `Rut_Distancia`) VALUES (21.0, 14.44);
INSERT INTO `Ruta` (`Rut_ID`, `Rut_Distancia`) VALUES (22.0, 7.23);
INSERT INTO `Ruta` (`Rut_ID`, `Rut_Distancia`) VALUES (23.0, 6.45);
INSERT INTO `Ruta` (`Rut_ID`, `Rut_Distancia`) VALUES (24.0, 7.31);
INSERT INTO `Ruta` (`Rut_ID`, `Rut_Distancia`) VALUES (25.0, 14.36);






INSERT INTO `Coordenada` (`Coor_ID`, `Coor_Latitud`, `Coor_Longitud`, `Coor_Altitud`, `Rut_ID`) VALUES (1.0, 63.679389, -132.356059, 930.9, 1.0);
INSERT INTO `Coordenada` (`Coor_ID`, `Coor_Latitud`, `Coor_Longitud`, `Coor_Altitud`, `Rut_ID`) VALUES (2.0, 44.727459, 118.404998, 242.2, 1.0);
INSERT INTO `Coordenada` (`Coor_ID`, `Coor_Latitud`, `Coor_Longitud`, `Coor_Altitud`, `Rut_ID`) VALUES (3.0, 17.023847, 71.489768, 480.2, 1.0);
INSERT INTO `Coordenada` (`Coor_ID`, `Coor_Latitud`, `Coor_Longitud`, `Coor_Altitud`, `Rut_ID`) VALUES (4.0, -49.842392, -18.671282, 2131.0, 1.0);
INSERT INTO `Coordenada` (`Coor_ID`, `Coor_Latitud`, `Coor_Longitud`, `Coor_Altitud`, `Rut_ID`) VALUES (5.0, 31.279536, 134.833554, 94.6, 1.0);
INSERT INTO `Coordenada` (`Coor_ID`, `Coor_Latitud`, `Coor_Longitud`, `Coor_Altitud`, `Rut_ID`) VALUES (6.0, 66.903875, 24.290043, 2316.6, 1.0);
INSERT INTO `Coordenada` (`Coor_ID`, `Coor_Latitud`, `Coor_Longitud`, `Coor_Altitud`, `Rut_ID`) VALUES (7.0, 37.621086, -120.35701, 191.7, 1.0);
INSERT INTO `Coordenada` (`Coor_ID`, `Coor_Latitud`, `Coor_Longitud`, `Coor_Altitud`, `Rut_ID`) VALUES (8.0, 36.27291, -19.308704, 2654.8, 1.0);
INSERT INTO `Coordenada` (`Coor_ID`, `Coor_Latitud`, `Coor_Longitud`, `Coor_Altitud`, `Rut_ID`) VALUES (9.0, 73.447174, 37.43186, 0.2, 1.0);
INSERT INTO `Coordenada` (`Coor_ID`, `Coor_Latitud`, `Coor_Longitud`, `Coor_Altitud`, `Rut_ID`) VALUES (10.0, -82.996167, -62.660194, 2513.2, 1.0);
INSERT INTO `Coordenada` (`Coor_ID`, `Coor_Latitud`, `Coor_Longitud`, `Coor_Altitud`, `Rut_ID`) VALUES (11.0, 55.628254, 135.005879, 2437.2, 2.0);
INSERT INTO `Coordenada` (`Coor_ID`, `Coor_Latitud`, `Coor_Longitud`, `Coor_Altitud`, `Rut_ID`) VALUES (12.0, -56.159767, 179.791329, 1899.3, 2.0);
INSERT INTO `Coordenada` (`Coor_ID`, `Coor_Latitud`, `Coor_Longitud`, `Coor_Altitud`, `Rut_ID`) VALUES (13.0, -74.975931, 81.199568, 2960.5, 2.0);
INSERT INTO `Coordenada` (`Coor_ID`, `Coor_Latitud`, `Coor_Longitud`, `Coor_Altitud`, `Rut_ID`) VALUES (14.0, -17.672972, 64.265402, 948.5, 2.0);
INSERT INTO `Coordenada` (`Coor_ID`, `Coor_Latitud`, `Coor_Longitud`, `Coor_Altitud`, `Rut_ID`) VALUES (15.0, -51.565561, 78.236692, 7.1, 2.0);
INSERT INTO `Coordenada` (`Coor_ID`, `Coor_Latitud`, `Coor_Longitud`, `Coor_Altitud`, `Rut_ID`) VALUES (16.0, 5.102276, -144.797637, 356.7, 3.0);
INSERT INTO `Coordenada` (`Coor_ID`, `Coor_Latitud`, `Coor_Longitud`, `Coor_Altitud`, `Rut_ID`) VALUES (17.0, 26.867776, 134.515377, 839.9, 3.0);
INSERT INTO `Coordenada` (`Coor_ID`, `Coor_Latitud`, `Coor_Longitud`, `Coor_Altitud`, `Rut_ID`) VALUES (18.0, 86.132734, -143.934952, 2561.8, 3.0);
INSERT INTO `Coordenada` (`Coor_ID`, `Coor_Latitud`, `Coor_Longitud`, `Coor_Altitud`, `Rut_ID`) VALUES (19.0, -18.594688, -150.71565, 824.1, 3.0);
INSERT INTO `Coordenada` (`Coor_ID`, `Coor_Latitud`, `Coor_Longitud`, `Coor_Altitud`, `Rut_ID`) VALUES (20.0, -8.463927, 105.242951, 2584.1, 3.0);
INSERT INTO `Coordenada` (`Coor_ID`, `Coor_Latitud`, `Coor_Longitud`, `Coor_Altitud`, `Rut_ID`) VALUES (21.0, -65.9843, 7.51159, 1952.3, 3.0);
INSERT INTO `Coordenada` (`Coor_ID`, `Coor_Latitud`, `Coor_Longitud`, `Coor_Altitud`, `Rut_ID`) VALUES (22.0, -27.530457, 133.870981, 835.2, 3.0);
INSERT INTO `Coordenada` (`Coor_ID`, `Coor_Latitud`, `Coor_Longitud`, `Coor_Altitud`, `Rut_ID`) VALUES (23.0, -86.656621, -165.361221, 2043.0, 3.0);
INSERT INTO `Coordenada` (`Coor_ID`, `Coor_Latitud`, `Coor_Longitud`, `Coor_Altitud`, `Rut_ID`) VALUES (24.0, 10.504032, 160.74092, 2815.3, 3.0);
INSERT INTO `Coordenada` (`Coor_ID`, `Coor_Latitud`, `Coor_Longitud`, `Coor_Altitud`, `Rut_ID`) VALUES (25.0, 73.773212, -164.878368, 2247.4, 3.0);
INSERT INTO `Coordenada` (`Coor_ID`, `Coor_Latitud`, `Coor_Longitud`, `Coor_Altitud`, `Rut_ID`) VALUES (26.0, 19.36737, -1.985157, 1932.4, 4.0);
INSERT INTO `Coordenada` (`Coor_ID`, `Coor_Latitud`, `Coor_Longitud`, `Coor_Altitud`, `Rut_ID`) VALUES (27.0, -7.440415, -23.241378, 2614.2, 4.0);
INSERT INTO `Coordenada` (`Coor_ID`, `Coor_Latitud`, `Coor_Longitud`, `Coor_Altitud`, `Rut_ID`) VALUES (28.0, -57.908102, -44.791588, 873.1, 4.0);
INSERT INTO `Coordenada` (`Coor_ID`, `Coor_Latitud`, `Coor_Longitud`, `Coor_Altitud`, `Rut_ID`) VALUES (29.0, -65.077749, -82.305565, 1012.5, 4.0);
INSERT INTO `Coordenada` (`Coor_ID`, `Coor_Latitud`, `Coor_Longitud`, `Coor_Altitud`, `Rut_ID`) VALUES (30.0, -23.903734, -146.265296, 2338.3, 4.0);
INSERT INTO `Coordenada` (`Coor_ID`, `Coor_Latitud`, `Coor_Longitud`, `Coor_Altitud`, `Rut_ID`) VALUES (31.0, -83.580216, -82.936029, 448.2, 4.0);
INSERT INTO `Coordenada` (`Coor_ID`, `Coor_Latitud`, `Coor_Longitud`, `Coor_Altitud`, `Rut_ID`) VALUES (32.0, 15.021212, -50.07362, 2967.9, 4.0);
INSERT INTO `Coordenada` (`Coor_ID`, `Coor_Latitud`, `Coor_Longitud`, `Coor_Altitud`, `Rut_ID`) VALUES (33.0, -66.664631, -138.637291, 2191.6, 4.0);
INSERT INTO `Coordenada` (`Coor_ID`, `Coor_Latitud`, `Coor_Longitud`, `Coor_Altitud`, `Rut_ID`) VALUES (34.0, 78.075734, -69.163286, 2571.1, 4.0);
INSERT INTO `Coordenada` (`Coor_ID`, `Coor_Latitud`, `Coor_Longitud`, `Coor_Altitud`, `Rut_ID`) VALUES (35.0, 41.158935, -71.038562, 2506.7, 4.0);
INSERT INTO `Coordenada` (`Coor_ID`, `Coor_Latitud`, `Coor_Longitud`, `Coor_Altitud`, `Rut_ID`) VALUES (36.0, -15.35011, -144.215878, 2726.0, 5.0);
INSERT INTO `Coordenada` (`Coor_ID`, `Coor_Latitud`, `Coor_Longitud`, `Coor_Altitud`, `Rut_ID`) VALUES (37.0, -4.679163, 122.7054, 2928.7, 5.0);
INSERT INTO `Coordenada` (`Coor_ID`, `Coor_Latitud`, `Coor_Longitud`, `Coor_Altitud`, `Rut_ID`) VALUES (38.0, -28.142713, -7.528853, 2098.8, 5.0);
INSERT INTO `Coordenada` (`Coor_ID`, `Coor_Latitud`, `Coor_Longitud`, `Coor_Altitud`, `Rut_ID`) VALUES (39.0, -13.223642, -71.314878, 2204.3, 5.0);
INSERT INTO `Coordenada` (`Coor_ID`, `Coor_Latitud`, `Coor_Longitud`, `Coor_Altitud`, `Rut_ID`) VALUES (40.0, 70.99196, 151.087984, 1880.2, 5.0);
INSERT INTO `Coordenada` (`Coor_ID`, `Coor_Latitud`, `Coor_Longitud`, `Coor_Altitud`, `Rut_ID`) VALUES (41.0, -22.397158, 170.841788, 1916.6, 5.0);
INSERT INTO `Coordenada` (`Coor_ID`, `Coor_Latitud`, `Coor_Longitud`, `Coor_Altitud`, `Rut_ID`) VALUES (42.0, -78.149758, -149.518955, 2249.6, 5.0);
INSERT INTO `Coordenada` (`Coor_ID`, `Coor_Latitud`, `Coor_Longitud`, `Coor_Altitud`, `Rut_ID`) VALUES (43.0, -20.733858, -144.692456, 1669.4, 6.0);
INSERT INTO `Coordenada` (`Coor_ID`, `Coor_Latitud`, `Coor_Longitud`, `Coor_Altitud`, `Rut_ID`) VALUES (44.0, -37.832254, 151.254966, 2364.9, 6.0);
INSERT INTO `Coordenada` (`Coor_ID`, `Coor_Latitud`, `Coor_Longitud`, `Coor_Altitud`, `Rut_ID`) VALUES (45.0, 38.593146, -101.788723, 251.0, 6.0);
INSERT INTO `Coordenada` (`Coor_ID`, `Coor_Latitud`, `Coor_Longitud`, `Coor_Altitud`, `Rut_ID`) VALUES (46.0, -50.375184, 179.678388, 1755.7, 6.0);
INSERT INTO `Coordenada` (`Coor_ID`, `Coor_Latitud`, `Coor_Longitud`, `Coor_Altitud`, `Rut_ID`) VALUES (47.0, -60.0154, -110.899796, 345.0, 6.0);
INSERT INTO `Coordenada` (`Coor_ID`, `Coor_Latitud`, `Coor_Longitud`, `Coor_Altitud`, `Rut_ID`) VALUES (48.0, -85.028589, 9.293657, 2257.3, 7.0);
INSERT INTO `Coordenada` (`Coor_ID`, `Coor_Latitud`, `Coor_Longitud`, `Coor_Altitud`, `Rut_ID`) VALUES (49.0, -53.696175, -1.048509, 769.4, 7.0);
INSERT INTO `Coordenada` (`Coor_ID`, `Coor_Latitud`, `Coor_Longitud`, `Coor_Altitud`, `Rut_ID`) VALUES (50.0, 25.379508, 178.934578, 2392.3, 7.0);
INSERT INTO `Coordenada` (`Coor_ID`, `Coor_Latitud`, `Coor_Longitud`, `Coor_Altitud`, `Rut_ID`) VALUES (51.0, 22.214715, -142.333312, 1375.2, 7.0);
INSERT INTO `Coordenada` (`Coor_ID`, `Coor_Latitud`, `Coor_Longitud`, `Coor_Altitud`, `Rut_ID`) VALUES (52.0, -24.904423, 117.715172, 314.2, 7.0);
INSERT INTO `Coordenada` (`Coor_ID`, `Coor_Latitud`, `Coor_Longitud`, `Coor_Altitud`, `Rut_ID`) VALUES (53.0, 17.323286, -4.355494, 1691.7, 7.0);
INSERT INTO `Coordenada` (`Coor_ID`, `Coor_Latitud`, `Coor_Longitud`, `Coor_Altitud`, `Rut_ID`) VALUES (54.0, 24.905438, -27.634003, 1563.7, 7.0);
INSERT INTO `Coordenada` (`Coor_ID`, `Coor_Latitud`, `Coor_Longitud`, `Coor_Altitud`, `Rut_ID`) VALUES (55.0, 32.277306, 139.601478, 2500.6, 7.0);
INSERT INTO `Coordenada` (`Coor_ID`, `Coor_Latitud`, `Coor_Longitud`, `Coor_Altitud`, `Rut_ID`) VALUES (56.0, 89.672948, 48.623326, 2624.1, 7.0);
INSERT INTO `Coordenada` (`Coor_ID`, `Coor_Latitud`, `Coor_Longitud`, `Coor_Altitud`, `Rut_ID`) VALUES (57.0, 7.705633, 155.272826, 29.1, 7.0);
INSERT INTO `Coordenada` (`Coor_ID`, `Coor_Latitud`, `Coor_Longitud`, `Coor_Altitud`, `Rut_ID`) VALUES (58.0, 83.261963, 143.642894, 2454.4, 8.0);
INSERT INTO `Coordenada` (`Coor_ID`, `Coor_Latitud`, `Coor_Longitud`, `Coor_Altitud`, `Rut_ID`) VALUES (59.0, -83.615713, -126.587922, 770.6, 8.0);
INSERT INTO `Coordenada` (`Coor_ID`, `Coor_Latitud`, `Coor_Longitud`, `Coor_Altitud`, `Rut_ID`) VALUES (60.0, 51.149982, 123.239998, 1748.8, 8.0);
INSERT INTO `Coordenada` (`Coor_ID`, `Coor_Latitud`, `Coor_Longitud`, `Coor_Altitud`, `Rut_ID`) VALUES (61.0, 39.263697, 110.539937, 199.1, 8.0);
INSERT INTO `Coordenada` (`Coor_ID`, `Coor_Latitud`, `Coor_Longitud`, `Coor_Altitud`, `Rut_ID`) VALUES (62.0, -74.764235, 132.802313, 118.2, 8.0);
INSERT INTO `Coordenada` (`Coor_ID`, `Coor_Latitud`, `Coor_Longitud`, `Coor_Altitud`, `Rut_ID`) VALUES (63.0, -49.483682, -165.37247, 45.9, 8.0);
INSERT INTO `Coordenada` (`Coor_ID`, `Coor_Latitud`, `Coor_Longitud`, `Coor_Altitud`, `Rut_ID`) VALUES (64.0, 61.911843, -60.986028, 482.1, 8.0);
INSERT INTO `Coordenada` (`Coor_ID`, `Coor_Latitud`, `Coor_Longitud`, `Coor_Altitud`, `Rut_ID`) VALUES (65.0, -63.212492, 56.190118, 2905.8, 8.0);
INSERT INTO `Coordenada` (`Coor_ID`, `Coor_Latitud`, `Coor_Longitud`, `Coor_Altitud`, `Rut_ID`) VALUES (66.0, 0.899945, 144.392572, 1507.3, 8.0);
INSERT INTO `Coordenada` (`Coor_ID`, `Coor_Latitud`, `Coor_Longitud`, `Coor_Altitud`, `Rut_ID`) VALUES (67.0, 13.297046, 64.285688, 2415.3, 8.0);
INSERT INTO `Coordenada` (`Coor_ID`, `Coor_Latitud`, `Coor_Longitud`, `Coor_Altitud`, `Rut_ID`) VALUES (68.0, 88.295861, 88.90754, 2717.3, 9.0);
INSERT INTO `Coordenada` (`Coor_ID`, `Coor_Latitud`, `Coor_Longitud`, `Coor_Altitud`, `Rut_ID`) VALUES (69.0, -52.90113, 12.74987, 1795.8, 9.0);
INSERT INTO `Coordenada` (`Coor_ID`, `Coor_Latitud`, `Coor_Longitud`, `Coor_Altitud`, `Rut_ID`) VALUES (70.0, 58.625391, -6.403117, 2373.1, 9.0);
INSERT INTO `Coordenada` (`Coor_ID`, `Coor_Latitud`, `Coor_Longitud`, `Coor_Altitud`, `Rut_ID`) VALUES (71.0, -20.0576, 31.099844, 2553.9, 9.0);
INSERT INTO `Coordenada` (`Coor_ID`, `Coor_Latitud`, `Coor_Longitud`, `Coor_Altitud`, `Rut_ID`) VALUES (72.0, 53.650705, 56.514439, 0.7, 9.0);
INSERT INTO `Coordenada` (`Coor_ID`, `Coor_Latitud`, `Coor_Longitud`, `Coor_Altitud`, `Rut_ID`) VALUES (73.0, -57.245594, 2.468803, 763.4, 9.0);
INSERT INTO `Coordenada` (`Coor_ID`, `Coor_Latitud`, `Coor_Longitud`, `Coor_Altitud`, `Rut_ID`) VALUES (74.0, -78.188248, 129.558032, 2828.8, 9.0);
INSERT INTO `Coordenada` (`Coor_ID`, `Coor_Latitud`, `Coor_Longitud`, `Coor_Altitud`, `Rut_ID`) VALUES (75.0, -35.495122, -33.09366, 2430.1, 9.0);
INSERT INTO `Coordenada` (`Coor_ID`, `Coor_Latitud`, `Coor_Longitud`, `Coor_Altitud`, `Rut_ID`) VALUES (76.0, -78.793423, 50.754551, 382.0, 9.0);
INSERT INTO `Coordenada` (`Coor_ID`, `Coor_Latitud`, `Coor_Longitud`, `Coor_Altitud`, `Rut_ID`) VALUES (77.0, 41.30112, -59.751128, 2825.6, 10.0);
INSERT INTO `Coordenada` (`Coor_ID`, `Coor_Latitud`, `Coor_Longitud`, `Coor_Altitud`, `Rut_ID`) VALUES (78.0, -3.360526, -129.274244, 2669.9, 10.0);
INSERT INTO `Coordenada` (`Coor_ID`, `Coor_Latitud`, `Coor_Longitud`, `Coor_Altitud`, `Rut_ID`) VALUES (79.0, 18.354007, -150.61693, 2096.1, 10.0);
INSERT INTO `Coordenada` (`Coor_ID`, `Coor_Latitud`, `Coor_Longitud`, `Coor_Altitud`, `Rut_ID`) VALUES (80.0, 55.851929, -53.002139, 105.5, 10.0);
INSERT INTO `Coordenada` (`Coor_ID`, `Coor_Latitud`, `Coor_Longitud`, `Coor_Altitud`, `Rut_ID`) VALUES (81.0, -6.069788, -14.80236, 304.4, 10.0);
INSERT INTO `Coordenada` (`Coor_ID`, `Coor_Latitud`, `Coor_Longitud`, `Coor_Altitud`, `Rut_ID`) VALUES (82.0, 50.066704, -172.717894, 1794.9, 10.0);
INSERT INTO `Coordenada` (`Coor_ID`, `Coor_Latitud`, `Coor_Longitud`, `Coor_Altitud`, `Rut_ID`) VALUES (83.0, -66.113648, -63.391912, 2100.2, 10.0);
INSERT INTO `Coordenada` (`Coor_ID`, `Coor_Latitud`, `Coor_Longitud`, `Coor_Altitud`, `Rut_ID`) VALUES (84.0, -27.599764, -41.970934, 2329.3, 11.0);
INSERT INTO `Coordenada` (`Coor_ID`, `Coor_Latitud`, `Coor_Longitud`, `Coor_Altitud`, `Rut_ID`) VALUES (85.0, -1.742458, 137.259582, 1830.4, 11.0);
INSERT INTO `Coordenada` (`Coor_ID`, `Coor_Latitud`, `Coor_Longitud`, `Coor_Altitud`, `Rut_ID`) VALUES (86.0, -5.906085, 47.63255, 1013.6, 11.0);
INSERT INTO `Coordenada` (`Coor_ID`, `Coor_Latitud`, `Coor_Longitud`, `Coor_Altitud`, `Rut_ID`) VALUES (87.0, -67.621717, 65.710663, 1866.1, 11.0);
INSERT INTO `Coordenada` (`Coor_ID`, `Coor_Latitud`, `Coor_Longitud`, `Coor_Altitud`, `Rut_ID`) VALUES (88.0, 51.941968, -134.240715, 2735.3, 11.0);
INSERT INTO `Coordenada` (`Coor_ID`, `Coor_Latitud`, `Coor_Longitud`, `Coor_Altitud`, `Rut_ID`) VALUES (89.0, 53.881418, 150.079467, 2617.6, 11.0);
INSERT INTO `Coordenada` (`Coor_ID`, `Coor_Latitud`, `Coor_Longitud`, `Coor_Altitud`, `Rut_ID`) VALUES (90.0, 32.58116, 111.690306, 1557.0, 11.0);
INSERT INTO `Coordenada` (`Coor_ID`, `Coor_Latitud`, `Coor_Longitud`, `Coor_Altitud`, `Rut_ID`) VALUES (91.0, 51.388047, -111.914112, 2346.3, 11.0);
INSERT INTO `Coordenada` (`Coor_ID`, `Coor_Latitud`, `Coor_Longitud`, `Coor_Altitud`, `Rut_ID`) VALUES (92.0, -9.975671, 92.38184, 1366.4, 11.0);
INSERT INTO `Coordenada` (`Coor_ID`, `Coor_Latitud`, `Coor_Longitud`, `Coor_Altitud`, `Rut_ID`) VALUES (93.0, 52.120571, -152.877749, 133.9, 11.0);
INSERT INTO `Coordenada` (`Coor_ID`, `Coor_Latitud`, `Coor_Longitud`, `Coor_Altitud`, `Rut_ID`) VALUES (94.0, -2.490282, 144.385704, 2834.3, 12.0);
INSERT INTO `Coordenada` (`Coor_ID`, `Coor_Latitud`, `Coor_Longitud`, `Coor_Altitud`, `Rut_ID`) VALUES (95.0, 29.972007, 25.846857, 647.9, 12.0);
INSERT INTO `Coordenada` (`Coor_ID`, `Coor_Latitud`, `Coor_Longitud`, `Coor_Altitud`, `Rut_ID`) VALUES (96.0, -73.174281, 114.981917, 2666.3, 12.0);
INSERT INTO `Coordenada` (`Coor_ID`, `Coor_Latitud`, `Coor_Longitud`, `Coor_Altitud`, `Rut_ID`) VALUES (97.0, 50.291228, 71.460876, 1260.3, 12.0);
INSERT INTO `Coordenada` (`Coor_ID`, `Coor_Latitud`, `Coor_Longitud`, `Coor_Altitud`, `Rut_ID`) VALUES (98.0, -35.043914, -139.159838, 1277.9, 12.0);
INSERT INTO `Coordenada` (`Coor_ID`, `Coor_Latitud`, `Coor_Longitud`, `Coor_Altitud`, `Rut_ID`) VALUES (99.0, -14.029827, -149.748459, 314.3, 13.0);
INSERT INTO `Coordenada` (`Coor_ID`, `Coor_Latitud`, `Coor_Longitud`, `Coor_Altitud`, `Rut_ID`) VALUES (100.0, -78.673891, -30.541877, 468.5, 13.0);
INSERT INTO `Coordenada` (`Coor_ID`, `Coor_Latitud`, `Coor_Longitud`, `Coor_Altitud`, `Rut_ID`) VALUES (101.0, 81.819692, 104.883426, 1293.3, 13.0);
INSERT INTO `Coordenada` (`Coor_ID`, `Coor_Latitud`, `Coor_Longitud`, `Coor_Altitud`, `Rut_ID`) VALUES (102.0, -14.936488, -1.215081, 2592.2, 13.0);
INSERT INTO `Coordenada` (`Coor_ID`, `Coor_Latitud`, `Coor_Longitud`, `Coor_Altitud`, `Rut_ID`) VALUES (103.0, -31.590157, -89.069067, 1057.5, 13.0);
INSERT INTO `Coordenada` (`Coor_ID`, `Coor_Latitud`, `Coor_Longitud`, `Coor_Altitud`, `Rut_ID`) VALUES (104.0, -68.15196, 69.039054, 1036.3, 13.0);
INSERT INTO `Coordenada` (`Coor_ID`, `Coor_Latitud`, `Coor_Longitud`, `Coor_Altitud`, `Rut_ID`) VALUES (105.0, -57.976621, 118.897219, 691.5, 13.0);
INSERT INTO `Coordenada` (`Coor_ID`, `Coor_Latitud`, `Coor_Longitud`, `Coor_Altitud`, `Rut_ID`) VALUES (106.0, -24.155555, 34.772053, 429.9, 13.0);
INSERT INTO `Coordenada` (`Coor_ID`, `Coor_Latitud`, `Coor_Longitud`, `Coor_Altitud`, `Rut_ID`) VALUES (107.0, -89.418222, 57.246657, 2196.3, 13.0);
INSERT INTO `Coordenada` (`Coor_ID`, `Coor_Latitud`, `Coor_Longitud`, `Coor_Altitud`, `Rut_ID`) VALUES (108.0, 44.635827, -74.425337, 2068.4, 14.0);
INSERT INTO `Coordenada` (`Coor_ID`, `Coor_Latitud`, `Coor_Longitud`, `Coor_Altitud`, `Rut_ID`) VALUES (109.0, 77.901846, -96.169282, 425.7, 14.0);
INSERT INTO `Coordenada` (`Coor_ID`, `Coor_Latitud`, `Coor_Longitud`, `Coor_Altitud`, `Rut_ID`) VALUES (110.0, -8.271348, -8.390193, 2122.4, 14.0);
INSERT INTO `Coordenada` (`Coor_ID`, `Coor_Latitud`, `Coor_Longitud`, `Coor_Altitud`, `Rut_ID`) VALUES (111.0, -43.520609, -169.942953, 624.4, 14.0);
INSERT INTO `Coordenada` (`Coor_ID`, `Coor_Latitud`, `Coor_Longitud`, `Coor_Altitud`, `Rut_ID`) VALUES (112.0, -29.697631, 165.926557, 889.0, 14.0);
INSERT INTO `Coordenada` (`Coor_ID`, `Coor_Latitud`, `Coor_Longitud`, `Coor_Altitud`, `Rut_ID`) VALUES (113.0, 24.464827, -113.743602, 2978.9, 15.0);
INSERT INTO `Coordenada` (`Coor_ID`, `Coor_Latitud`, `Coor_Longitud`, `Coor_Altitud`, `Rut_ID`) VALUES (114.0, -71.535521, 29.105777, 469.2, 15.0);
INSERT INTO `Coordenada` (`Coor_ID`, `Coor_Latitud`, `Coor_Longitud`, `Coor_Altitud`, `Rut_ID`) VALUES (115.0, 71.581557, 160.444221, 2413.2, 15.0);
INSERT INTO `Coordenada` (`Coor_ID`, `Coor_Latitud`, `Coor_Longitud`, `Coor_Altitud`, `Rut_ID`) VALUES (116.0, -33.139545, -92.578072, 2264.6, 15.0);
INSERT INTO `Coordenada` (`Coor_ID`, `Coor_Latitud`, `Coor_Longitud`, `Coor_Altitud`, `Rut_ID`) VALUES (117.0, -37.609287, -28.877264, 138.8, 15.0);
INSERT INTO `Coordenada` (`Coor_ID`, `Coor_Latitud`, `Coor_Longitud`, `Coor_Altitud`, `Rut_ID`) VALUES (118.0, -66.197914, -172.602137, 233.8, 15.0);
INSERT INTO `Coordenada` (`Coor_ID`, `Coor_Latitud`, `Coor_Longitud`, `Coor_Altitud`, `Rut_ID`) VALUES (119.0, -76.821993, -28.716587, 1652.3, 15.0);
INSERT INTO `Coordenada` (`Coor_ID`, `Coor_Latitud`, `Coor_Longitud`, `Coor_Altitud`, `Rut_ID`) VALUES (120.0, 43.358188, -128.777949, 1266.6, 15.0);
INSERT INTO `Coordenada` (`Coor_ID`, `Coor_Latitud`, `Coor_Longitud`, `Coor_Altitud`, `Rut_ID`) VALUES (121.0, 24.653887, -149.55995, 1334.4, 15.0);
INSERT INTO `Coordenada` (`Coor_ID`, `Coor_Latitud`, `Coor_Longitud`, `Coor_Altitud`, `Rut_ID`) VALUES (122.0, 24.668012, 10.514627, 1129.3, 16.0);
INSERT INTO `Coordenada` (`Coor_ID`, `Coor_Latitud`, `Coor_Longitud`, `Coor_Altitud`, `Rut_ID`) VALUES (123.0, -88.483031, 166.304361, 2703.8, 16.0);
INSERT INTO `Coordenada` (`Coor_ID`, `Coor_Latitud`, `Coor_Longitud`, `Coor_Altitud`, `Rut_ID`) VALUES (124.0, -10.566471, -46.225232, 2857.0, 16.0);
INSERT INTO `Coordenada` (`Coor_ID`, `Coor_Latitud`, `Coor_Longitud`, `Coor_Altitud`, `Rut_ID`) VALUES (125.0, -73.609832, -113.235047, 325.8, 16.0);
INSERT INTO `Coordenada` (`Coor_ID`, `Coor_Latitud`, `Coor_Longitud`, `Coor_Altitud`, `Rut_ID`) VALUES (126.0, -69.811426, 37.99651, 461.6, 16.0);
INSERT INTO `Coordenada` (`Coor_ID`, `Coor_Latitud`, `Coor_Longitud`, `Coor_Altitud`, `Rut_ID`) VALUES (127.0, 36.467656, 154.176556, 556.1, 16.0);
INSERT INTO `Coordenada` (`Coor_ID`, `Coor_Latitud`, `Coor_Longitud`, `Coor_Altitud`, `Rut_ID`) VALUES (128.0, -14.093224, -117.094607, 2878.6, 16.0);
INSERT INTO `Coordenada` (`Coor_ID`, `Coor_Latitud`, `Coor_Longitud`, `Coor_Altitud`, `Rut_ID`) VALUES (129.0, 78.678836, -128.675704, 1387.3, 17.0);
INSERT INTO `Coordenada` (`Coor_ID`, `Coor_Latitud`, `Coor_Longitud`, `Coor_Altitud`, `Rut_ID`) VALUES (130.0, 24.714634, -6.016324, 610.9, 17.0);
INSERT INTO `Coordenada` (`Coor_ID`, `Coor_Latitud`, `Coor_Longitud`, `Coor_Altitud`, `Rut_ID`) VALUES (131.0, -89.668231, 71.637016, 1856.2, 17.0);
INSERT INTO `Coordenada` (`Coor_ID`, `Coor_Latitud`, `Coor_Longitud`, `Coor_Altitud`, `Rut_ID`) VALUES (132.0, -88.600203, -72.518356, 2305.9, 17.0);
INSERT INTO `Coordenada` (`Coor_ID`, `Coor_Latitud`, `Coor_Longitud`, `Coor_Altitud`, `Rut_ID`) VALUES (133.0, 23.205668, 16.274922, 468.7, 17.0);
INSERT INTO `Coordenada` (`Coor_ID`, `Coor_Latitud`, `Coor_Longitud`, `Coor_Altitud`, `Rut_ID`) VALUES (134.0, 37.132928, -10.283428, 2034.5, 17.0);
INSERT INTO `Coordenada` (`Coor_ID`, `Coor_Latitud`, `Coor_Longitud`, `Coor_Altitud`, `Rut_ID`) VALUES (135.0, 46.816171, -96.34942, 2286.0, 17.0);
INSERT INTO `Coordenada` (`Coor_ID`, `Coor_Latitud`, `Coor_Longitud`, `Coor_Altitud`, `Rut_ID`) VALUES (136.0, 23.771808, -172.217023, 810.2, 18.0);
INSERT INTO `Coordenada` (`Coor_ID`, `Coor_Latitud`, `Coor_Longitud`, `Coor_Altitud`, `Rut_ID`) VALUES (137.0, 30.32796, -179.908844, 1195.3, 18.0);
INSERT INTO `Coordenada` (`Coor_ID`, `Coor_Latitud`, `Coor_Longitud`, `Coor_Altitud`, `Rut_ID`) VALUES (138.0, 70.301126, 75.587298, 1333.8, 18.0);
INSERT INTO `Coordenada` (`Coor_ID`, `Coor_Latitud`, `Coor_Longitud`, `Coor_Altitud`, `Rut_ID`) VALUES (139.0, 44.379171, -52.624068, 2613.9, 18.0);
INSERT INTO `Coordenada` (`Coor_ID`, `Coor_Latitud`, `Coor_Longitud`, `Coor_Altitud`, `Rut_ID`) VALUES (140.0, 31.058531, -109.42888, 255.8, 18.0);
INSERT INTO `Coordenada` (`Coor_ID`, `Coor_Latitud`, `Coor_Longitud`, `Coor_Altitud`, `Rut_ID`) VALUES (141.0, -77.31798, -85.504756, 1600.9, 18.0);
INSERT INTO `Coordenada` (`Coor_ID`, `Coor_Latitud`, `Coor_Longitud`, `Coor_Altitud`, `Rut_ID`) VALUES (142.0, -68.726732, 129.403167, 2672.1, 18.0);
INSERT INTO `Coordenada` (`Coor_ID`, `Coor_Latitud`, `Coor_Longitud`, `Coor_Altitud`, `Rut_ID`) VALUES (143.0, -77.743266, 129.938788, 848.2, 19.0);
INSERT INTO `Coordenada` (`Coor_ID`, `Coor_Latitud`, `Coor_Longitud`, `Coor_Altitud`, `Rut_ID`) VALUES (144.0, -65.804305, 8.301594, 630.8, 19.0);
INSERT INTO `Coordenada` (`Coor_ID`, `Coor_Latitud`, `Coor_Longitud`, `Coor_Altitud`, `Rut_ID`) VALUES (145.0, -71.044848, 164.035754, 1630.7, 19.0);
INSERT INTO `Coordenada` (`Coor_ID`, `Coor_Latitud`, `Coor_Longitud`, `Coor_Altitud`, `Rut_ID`) VALUES (146.0, 43.456871, 145.456463, 835.8, 19.0);
INSERT INTO `Coordenada` (`Coor_ID`, `Coor_Latitud`, `Coor_Longitud`, `Coor_Altitud`, `Rut_ID`) VALUES (147.0, -10.37437, 24.56386, 413.4, 19.0);
INSERT INTO `Coordenada` (`Coor_ID`, `Coor_Latitud`, `Coor_Longitud`, `Coor_Altitud`, `Rut_ID`) VALUES (148.0, -67.806321, -136.613573, 1203.6, 19.0);
INSERT INTO `Coordenada` (`Coor_ID`, `Coor_Latitud`, `Coor_Longitud`, `Coor_Altitud`, `Rut_ID`) VALUES (149.0, -64.884042, 60.573019, 1062.2, 20.0);
INSERT INTO `Coordenada` (`Coor_ID`, `Coor_Latitud`, `Coor_Longitud`, `Coor_Altitud`, `Rut_ID`) VALUES (150.0, -4.920196, -30.561336, 1430.1, 20.0);
INSERT INTO `Coordenada` (`Coor_ID`, `Coor_Latitud`, `Coor_Longitud`, `Coor_Altitud`, `Rut_ID`) VALUES (151.0, 35.045214, -65.433536, 1956.2, 20.0);
INSERT INTO `Coordenada` (`Coor_ID`, `Coor_Latitud`, `Coor_Longitud`, `Coor_Altitud`, `Rut_ID`) VALUES (152.0, -79.160021, -71.933345, 2235.6, 20.0);
INSERT INTO `Coordenada` (`Coor_ID`, `Coor_Latitud`, `Coor_Longitud`, `Coor_Altitud`, `Rut_ID`) VALUES (153.0, -80.566942, 43.61119, 76.6, 20.0);
INSERT INTO `Coordenada` (`Coor_ID`, `Coor_Latitud`, `Coor_Longitud`, `Coor_Altitud`, `Rut_ID`) VALUES (154.0, -5.124804, 139.876216, 30.3, 20.0);
INSERT INTO `Coordenada` (`Coor_ID`, `Coor_Latitud`, `Coor_Longitud`, `Coor_Altitud`, `Rut_ID`) VALUES (155.0, 4.829044, -156.075541, 2601.3, 20.0);
INSERT INTO `Coordenada` (`Coor_ID`, `Coor_Latitud`, `Coor_Longitud`, `Coor_Altitud`, `Rut_ID`) VALUES (156.0, 33.533374, 87.103388, 2007.0, 20.0);
INSERT INTO `Coordenada` (`Coor_ID`, `Coor_Latitud`, `Coor_Longitud`, `Coor_Altitud`, `Rut_ID`) VALUES (157.0, -24.969903, -138.185242, 11.2, 21.0);
INSERT INTO `Coordenada` (`Coor_ID`, `Coor_Latitud`, `Coor_Longitud`, `Coor_Altitud`, `Rut_ID`) VALUES (158.0, -41.341007, 50.534367, 877.6, 21.0);
INSERT INTO `Coordenada` (`Coor_ID`, `Coor_Latitud`, `Coor_Longitud`, `Coor_Altitud`, `Rut_ID`) VALUES (159.0, 72.130658, -129.355276, 1718.6, 21.0);
INSERT INTO `Coordenada` (`Coor_ID`, `Coor_Latitud`, `Coor_Longitud`, `Coor_Altitud`, `Rut_ID`) VALUES (160.0, -55.583219, -23.753191, 2149.0, 21.0);
INSERT INTO `Coordenada` (`Coor_ID`, `Coor_Latitud`, `Coor_Longitud`, `Coor_Altitud`, `Rut_ID`) VALUES (161.0, -20.856573, -60.949613, 1944.0, 21.0);
INSERT INTO `Coordenada` (`Coor_ID`, `Coor_Latitud`, `Coor_Longitud`, `Coor_Altitud`, `Rut_ID`) VALUES (162.0, -11.651351, -18.974918, 2126.5, 22.0);
INSERT INTO `Coordenada` (`Coor_ID`, `Coor_Latitud`, `Coor_Longitud`, `Coor_Altitud`, `Rut_ID`) VALUES (163.0, 4.349137, -133.479707, 2731.2, 22.0);
INSERT INTO `Coordenada` (`Coor_ID`, `Coor_Latitud`, `Coor_Longitud`, `Coor_Altitud`, `Rut_ID`) VALUES (164.0, -10.057619, 104.161586, 1166.6, 22.0);
INSERT INTO `Coordenada` (`Coor_ID`, `Coor_Latitud`, `Coor_Longitud`, `Coor_Altitud`, `Rut_ID`) VALUES (165.0, 55.232283, -39.76689, 660.5, 22.0);
INSERT INTO `Coordenada` (`Coor_ID`, `Coor_Latitud`, `Coor_Longitud`, `Coor_Altitud`, `Rut_ID`) VALUES (166.0, -54.68496, 158.412472, 1759.6, 22.0);
INSERT INTO `Coordenada` (`Coor_ID`, `Coor_Latitud`, `Coor_Longitud`, `Coor_Altitud`, `Rut_ID`) VALUES (167.0, -81.037212, -40.194865, 702.1, 22.0);
INSERT INTO `Coordenada` (`Coor_ID`, `Coor_Latitud`, `Coor_Longitud`, `Coor_Altitud`, `Rut_ID`) VALUES (168.0, -74.761728, -112.767887, 171.0, 22.0);
INSERT INTO `Coordenada` (`Coor_ID`, `Coor_Latitud`, `Coor_Longitud`, `Coor_Altitud`, `Rut_ID`) VALUES (169.0, 24.853253, -117.585409, 1832.3, 22.0);
INSERT INTO `Coordenada` (`Coor_ID`, `Coor_Latitud`, `Coor_Longitud`, `Coor_Altitud`, `Rut_ID`) VALUES (170.0, 20.251215, 73.772536, 1536.4, 22.0);
INSERT INTO `Coordenada` (`Coor_ID`, `Coor_Latitud`, `Coor_Longitud`, `Coor_Altitud`, `Rut_ID`) VALUES (171.0, -38.803682, 135.884683, 1059.2, 22.0);
INSERT INTO `Coordenada` (`Coor_ID`, `Coor_Latitud`, `Coor_Longitud`, `Coor_Altitud`, `Rut_ID`) VALUES (172.0, -80.290797, 70.849818, 1996.9, 23.0);
INSERT INTO `Coordenada` (`Coor_ID`, `Coor_Latitud`, `Coor_Longitud`, `Coor_Altitud`, `Rut_ID`) VALUES (173.0, 26.732201, 16.985383, 2203.2, 23.0);
INSERT INTO `Coordenada` (`Coor_ID`, `Coor_Latitud`, `Coor_Longitud`, `Coor_Altitud`, `Rut_ID`) VALUES (174.0, -12.491189, -16.343149, 764.3, 23.0);
INSERT INTO `Coordenada` (`Coor_ID`, `Coor_Latitud`, `Coor_Longitud`, `Coor_Altitud`, `Rut_ID`) VALUES (175.0, -4.382556, -58.610067, 126.7, 23.0);
INSERT INTO `Coordenada` (`Coor_ID`, `Coor_Latitud`, `Coor_Longitud`, `Coor_Altitud`, `Rut_ID`) VALUES (176.0, -80.540404, -54.071196, 869.4, 23.0);
INSERT INTO `Coordenada` (`Coor_ID`, `Coor_Latitud`, `Coor_Longitud`, `Coor_Altitud`, `Rut_ID`) VALUES (177.0, -88.71659, -157.071545, 1283.2, 23.0);
INSERT INTO `Coordenada` (`Coor_ID`, `Coor_Latitud`, `Coor_Longitud`, `Coor_Altitud`, `Rut_ID`) VALUES (178.0, -50.010029, 39.10965, 1673.3, 23.0);
INSERT INTO `Coordenada` (`Coor_ID`, `Coor_Latitud`, `Coor_Longitud`, `Coor_Altitud`, `Rut_ID`) VALUES (179.0, -50.224869, -110.574634, 1825.0, 23.0);
INSERT INTO `Coordenada` (`Coor_ID`, `Coor_Latitud`, `Coor_Longitud`, `Coor_Altitud`, `Rut_ID`) VALUES (180.0, 68.909793, 106.124457, 968.8, 24.0);
INSERT INTO `Coordenada` (`Coor_ID`, `Coor_Latitud`, `Coor_Longitud`, `Coor_Altitud`, `Rut_ID`) VALUES (181.0, -7.966011, -62.948352, 86.5, 24.0);
INSERT INTO `Coordenada` (`Coor_ID`, `Coor_Latitud`, `Coor_Longitud`, `Coor_Altitud`, `Rut_ID`) VALUES (182.0, -82.016545, -47.266515, 628.8, 24.0);
INSERT INTO `Coordenada` (`Coor_ID`, `Coor_Latitud`, `Coor_Longitud`, `Coor_Altitud`, `Rut_ID`) VALUES (183.0, 4.412629, -112.397387, 604.9, 24.0);
INSERT INTO `Coordenada` (`Coor_ID`, `Coor_Latitud`, `Coor_Longitud`, `Coor_Altitud`, `Rut_ID`) VALUES (184.0, 31.080219, 84.816956, 936.7, 24.0);
INSERT INTO `Coordenada` (`Coor_ID`, `Coor_Latitud`, `Coor_Longitud`, `Coor_Altitud`, `Rut_ID`) VALUES (185.0, 64.798992, -88.329897, 1031.8, 24.0);
INSERT INTO `Coordenada` (`Coor_ID`, `Coor_Latitud`, `Coor_Longitud`, `Coor_Altitud`, `Rut_ID`) VALUES (186.0, 38.24647, -163.978956, 2802.6, 24.0);
INSERT INTO `Coordenada` (`Coor_ID`, `Coor_Latitud`, `Coor_Longitud`, `Coor_Altitud`, `Rut_ID`) VALUES (187.0, -76.979208, -14.064819, 2173.8, 24.0);
INSERT INTO `Coordenada` (`Coor_ID`, `Coor_Latitud`, `Coor_Longitud`, `Coor_Altitud`, `Rut_ID`) VALUES (188.0, -81.455664, 111.240967, 2936.7, 24.0);
INSERT INTO `Coordenada` (`Coor_ID`, `Coor_Latitud`, `Coor_Longitud`, `Coor_Altitud`, `Rut_ID`) VALUES (189.0, -10.780451, -149.178334, 723.4, 25.0);
INSERT INTO `Coordenada` (`Coor_ID`, `Coor_Latitud`, `Coor_Longitud`, `Coor_Altitud`, `Rut_ID`) VALUES (190.0, 58.72771, -124.633556, 2652.8, 25.0);
INSERT INTO `Coordenada` (`Coor_ID`, `Coor_Latitud`, `Coor_Longitud`, `Coor_Altitud`, `Rut_ID`) VALUES (191.0, -51.576025, 40.592409, 2454.0, 25.0);
INSERT INTO `Coordenada` (`Coor_ID`, `Coor_Latitud`, `Coor_Longitud`, `Coor_Altitud`, `Rut_ID`) VALUES (192.0, 10.622019, 139.177559, 1183.4, 25.0);
INSERT INTO `Coordenada` (`Coor_ID`, `Coor_Latitud`, `Coor_Longitud`, `Coor_Altitud`, `Rut_ID`) VALUES (193.0, 82.604941, -90.097851, 660.2, 25.0);
INSERT INTO `Coordenada` (`Coor_ID`, `Coor_Latitud`, `Coor_Longitud`, `Coor_Altitud`, `Rut_ID`) VALUES (194.0, 61.282622, -79.561433, 1056.3, 25.0);
INSERT INTO `Coordenada` (`Coor_ID`, `Coor_Latitud`, `Coor_Longitud`, `Coor_Altitud`, `Rut_ID`) VALUES (195.0, 89.040447, -141.377264, 2698.9, 25.0);
INSERT INTO `Coordenada` (`Coor_ID`, `Coor_Latitud`, `Coor_Longitud`, `Coor_Altitud`, `Rut_ID`) VALUES (196.0, 19.814759, 104.053577, 2133.2, 25.0);




INSERT INTO `Entrenamiento` (`Ent_ID`, `Ent_Fecha`, `Ent_Hora_Inicio`, `Ent_Duracion`, `Ent_Distancia`, `Ent_Ritmo`, `Ent_Max_Speed`, `Ent_Avg_Speed`, `Ent_Calorias`, `Ent_CambioNivel`, `Usu_Correo`, `Rut_ID`) VALUES (1, '2025-04-14', '11:12:28', '00:85:38', 3.15, 5.39, 24.52, 9.09, 216, 23.7, 'user24@ghost.com', 15);
INSERT INTO `Entrenamiento` (`Ent_ID`, `Ent_Fecha`, `Ent_Hora_Inicio`, `Ent_Duracion`, `Ent_Distancia`, `Ent_Ritmo`, `Ent_Max_Speed`, `Ent_Avg_Speed`, `Ent_Calorias`, `Ent_CambioNivel`, `Usu_Correo`, `Rut_ID`) VALUES (2, '2025-05-12', '03:43:10', '00:32:11', 6.45, 6.2, 18.73, 9.14, 206, 148.4, 'user25@ghost.com', 23);
INSERT INTO `Entrenamiento` (`Ent_ID`, `Ent_Fecha`, `Ent_Hora_Inicio`, `Ent_Duracion`, `Ent_Distancia`, `Ent_Ritmo`, `Ent_Max_Speed`, `Ent_Avg_Speed`, `Ent_Calorias`, `Ent_CambioNivel`, `Usu_Correo`, `Rut_ID`) VALUES (3, '2025-06-14', '02:07:14', '00:26:7', 9.73, 5.15, 19.09, 11.88, 778, 71.8, 'user16@ghost.com', 14);
INSERT INTO `Entrenamiento` (`Ent_ID`, `Ent_Fecha`, `Ent_Hora_Inicio`, `Ent_Duracion`, `Ent_Distancia`, `Ent_Ritmo`, `Ent_Max_Speed`, `Ent_Avg_Speed`, `Ent_Calorias`, `Ent_CambioNivel`, `Usu_Correo`, `Rut_ID`) VALUES (4, '2025-06-20', '07:28:39', '00:89:42', 6.45, 4.85, 26.1, 11.61, 266, 103.6, 'user21@ghost.com', 23);
INSERT INTO `Entrenamiento` (`Ent_ID`, `Ent_Fecha`, `Ent_Hora_Inicio`, `Ent_Duracion`, `Ent_Distancia`, `Ent_Ritmo`, `Ent_Max_Speed`, `Ent_Avg_Speed`, `Ent_Calorias`, `Ent_CambioNivel`, `Usu_Correo`, `Rut_ID`) VALUES (5, '2025-02-03', '00:50:48', '00:49:23', 7.29, 5.89, 19.3, 8.69, 215, 110.6, 'user21@ghost.com', 11);
INSERT INTO `Entrenamiento` (`Ent_ID`, `Ent_Fecha`, `Ent_Hora_Inicio`, `Ent_Duracion`, `Ent_Distancia`, `Ent_Ritmo`, `Ent_Max_Speed`, `Ent_Avg_Speed`, `Ent_Calorias`, `Ent_CambioNivel`, `Usu_Correo`, `Rut_ID`) VALUES (6, '2025-06-17', '17:58:38', '00:23:51', 13.05, 4.39, 20.93, 11.9, 722, 198.2, 'user10@ghost.com', 12);
INSERT INTO `Entrenamiento` (`Ent_ID`, `Ent_Fecha`, `Ent_Hora_Inicio`, `Ent_Duracion`, `Ent_Distancia`, `Ent_Ritmo`, `Ent_Max_Speed`, `Ent_Avg_Speed`, `Ent_Calorias`, `Ent_CambioNivel`, `Usu_Correo`, `Rut_ID`) VALUES (7, '2025-02-04', '05:09:17', '00:46:50', 14.36, 6.75, 22.45, 11.07, 418, 47.1, 'user4@ghost.com', 25);
INSERT INTO `Entrenamiento` (`Ent_ID`, `Ent_Fecha`, `Ent_Hora_Inicio`, `Ent_Duracion`, `Ent_Distancia`, `Ent_Ritmo`, `Ent_Max_Speed`, `Ent_Avg_Speed`, `Ent_Calorias`, `Ent_CambioNivel`, `Usu_Correo`, `Rut_ID`) VALUES (8, '2025-08-04', '02:59:23', '00:69:22', 9.83, 5.83, 16.99, 9.99, 310, 123.2, 'user4@ghost.com', 8);
INSERT INTO `Entrenamiento` (`Ent_ID`, `Ent_Fecha`, `Ent_Hora_Inicio`, `Ent_Duracion`, `Ent_Distancia`, `Ent_Ritmo`, `Ent_Max_Speed`, `Ent_Avg_Speed`, `Ent_Calorias`, `Ent_CambioNivel`, `Usu_Correo`, `Rut_ID`) VALUES (9, '2025-08-23', '00:37:54', '00:65:31', 7.03, 5.37, 15.19, 8.88, 366, 132.2, 'user0@ghost.com', 17);
INSERT INTO `Entrenamiento` (`Ent_ID`, `Ent_Fecha`, `Ent_Hora_Inicio`, `Ent_Duracion`, `Ent_Distancia`, `Ent_Ritmo`, `Ent_Max_Speed`, `Ent_Avg_Speed`, `Ent_Calorias`, `Ent_CambioNivel`, `Usu_Correo`, `Rut_ID`) VALUES (10, '2025-08-06', '00:35:42', '00:81:34', 7.31, 4.94, 27.72, 9.04, 611, 140.7, 'user15@ghost.com', 24);
INSERT INTO `Entrenamiento` (`Ent_ID`, `Ent_Fecha`, `Ent_Hora_Inicio`, `Ent_Duracion`, `Ent_Distancia`, `Ent_Ritmo`, `Ent_Max_Speed`, `Ent_Avg_Speed`, `Ent_Calorias`, `Ent_CambioNivel`, `Usu_Correo`, `Rut_ID`) VALUES (11, '2025-07-31', '06:48:53', '00:57:24', 7.29, 6.83, 18.13, 9.26, 455, 68.6, 'user26@ghost.com', 11);
INSERT INTO `Entrenamiento` (`Ent_ID`, `Ent_Fecha`, `Ent_Hora_Inicio`, `Ent_Duracion`, `Ent_Distancia`, `Ent_Ritmo`, `Ent_Max_Speed`, `Ent_Avg_Speed`, `Ent_Calorias`, `Ent_CambioNivel`, `Usu_Correo`, `Rut_ID`) VALUES (12, '2025-07-30', '19:33:32', '00:48:16', 7.23, 5.03, 17.43, 8.07, 787, 107.9, 'user14@ghost.com', 22);
INSERT INTO `Entrenamiento` (`Ent_ID`, `Ent_Fecha`, `Ent_Hora_Inicio`, `Ent_Duracion`, `Ent_Distancia`, `Ent_Ritmo`, `Ent_Max_Speed`, `Ent_Avg_Speed`, `Ent_Calorias`, `Ent_CambioNivel`, `Usu_Correo`, `Rut_ID`) VALUES (13, '2025-07-23', '12:40:20', '00:39:22', 14.44, 4.07, 24.42, 8.1, 246, 2.5, 'user23@ghost.com', 21);
INSERT INTO `Entrenamiento` (`Ent_ID`, `Ent_Fecha`, `Ent_Hora_Inicio`, `Ent_Duracion`, `Ent_Distancia`, `Ent_Ritmo`, `Ent_Max_Speed`, `Ent_Avg_Speed`, `Ent_Calorias`, `Ent_CambioNivel`, `Usu_Correo`, `Rut_ID`) VALUES (14, '2025-08-01', '18:34:35', '00:28:52', 7.29, 4.19, 29.58, 9.69, 421, 89.8, 'user20@ghost.com', 11);
INSERT INTO `Entrenamiento` (`Ent_ID`, `Ent_Fecha`, `Ent_Hora_Inicio`, `Ent_Duracion`, `Ent_Distancia`, `Ent_Ritmo`, `Ent_Max_Speed`, `Ent_Avg_Speed`, `Ent_Calorias`, `Ent_CambioNivel`, `Usu_Correo`, `Rut_ID`) VALUES (15, '2025-01-13', '09:36:44', '00:59:11', 13.05, 5.95, 25.92, 11.14, 618, 76.5, 'user4@ghost.com', 12);
INSERT INTO `Entrenamiento` (`Ent_ID`, `Ent_Fecha`, `Ent_Hora_Inicio`, `Ent_Duracion`, `Ent_Distancia`, `Ent_Ritmo`, `Ent_Max_Speed`, `Ent_Avg_Speed`, `Ent_Calorias`, `Ent_CambioNivel`, `Usu_Correo`, `Rut_ID`) VALUES (16, '2025-05-11', '03:21:37', '00:88:34', 9.1, 6.41, 29.71, 10.82, 242, 112.9, 'user13@ghost.com', 9);
INSERT INTO `Entrenamiento` (`Ent_ID`, `Ent_Fecha`, `Ent_Hora_Inicio`, `Ent_Duracion`, `Ent_Distancia`, `Ent_Ritmo`, `Ent_Max_Speed`, `Ent_Avg_Speed`, `Ent_Calorias`, `Ent_CambioNivel`, `Usu_Correo`, `Rut_ID`) VALUES (17, '2025-09-12', '22:17:51', '00:69:10', 9.73, 4.01, 17.07, 11.48, 726, 168.0, 'user3@ghost.com', 14);
INSERT INTO `Entrenamiento` (`Ent_ID`, `Ent_Fecha`, `Ent_Hora_Inicio`, `Ent_Duracion`, `Ent_Distancia`, `Ent_Ritmo`, `Ent_Max_Speed`, `Ent_Avg_Speed`, `Ent_Calorias`, `Ent_CambioNivel`, `Usu_Correo`, `Rut_ID`) VALUES (18, '2025-06-03', '22:32:17', '00:30:21', 5.1, 4.71, 27.42, 8.71, 222, 191.3, 'user22@ghost.com', 5);
INSERT INTO `Entrenamiento` (`Ent_ID`, `Ent_Fecha`, `Ent_Hora_Inicio`, `Ent_Duracion`, `Ent_Distancia`, `Ent_Ritmo`, `Ent_Max_Speed`, `Ent_Avg_Speed`, `Ent_Calorias`, `Ent_CambioNivel`, `Usu_Correo`, `Rut_ID`) VALUES (19, '2025-01-26', '08:15:43', '00:41:45', 8.66, 4.24, 28.91, 10.39, 668, 142.0, 'user28@ghost.com', 6);
INSERT INTO `Entrenamiento` (`Ent_ID`, `Ent_Fecha`, `Ent_Hora_Inicio`, `Ent_Duracion`, `Ent_Distancia`, `Ent_Ritmo`, `Ent_Max_Speed`, `Ent_Avg_Speed`, `Ent_Calorias`, `Ent_CambioNivel`, `Usu_Correo`, `Rut_ID`) VALUES (20, '2025-08-28', '01:10:33', '00:25:16', 5.88, 5.02, 26.07, 9.51, 237, 99.3, 'user19@ghost.com', 20);
INSERT INTO `Entrenamiento` (`Ent_ID`, `Ent_Fecha`, `Ent_Hora_Inicio`, `Ent_Duracion`, `Ent_Distancia`, `Ent_Ritmo`, `Ent_Max_Speed`, `Ent_Avg_Speed`, `Ent_Calorias`, `Ent_CambioNivel`, `Usu_Correo`, `Rut_ID`) VALUES (21, '2025-07-07', '16:22:04', '00:39:29', 6.74, 4.71, 20.34, 10.94, 614, 67.5, 'user11@ghost.com', 10);
INSERT INTO `Entrenamiento` (`Ent_ID`, `Ent_Fecha`, `Ent_Hora_Inicio`, `Ent_Duracion`, `Ent_Distancia`, `Ent_Ritmo`, `Ent_Max_Speed`, `Ent_Avg_Speed`, `Ent_Calorias`, `Ent_CambioNivel`, `Usu_Correo`, `Rut_ID`) VALUES (22, '2025-03-24', '12:39:23', '00:70:0', 11.9, 4.93, 28.51, 10.2, 235, 154.6, 'user25@ghost.com', 16);
INSERT INTO `Entrenamiento` (`Ent_ID`, `Ent_Fecha`, `Ent_Hora_Inicio`, `Ent_Duracion`, `Ent_Distancia`, `Ent_Ritmo`, `Ent_Max_Speed`, `Ent_Avg_Speed`, `Ent_Calorias`, `Ent_CambioNivel`, `Usu_Correo`, `Rut_ID`) VALUES (23, '2025-04-25', '23:20:52', '00:53:59', 3.55, 6.06, 21.84, 10.89, 613, 69.3, 'user18@ghost.com', 18);
INSERT INTO `Entrenamiento` (`Ent_ID`, `Ent_Fecha`, `Ent_Hora_Inicio`, `Ent_Duracion`, `Ent_Distancia`, `Ent_Ritmo`, `Ent_Max_Speed`, `Ent_Avg_Speed`, `Ent_Calorias`, `Ent_CambioNivel`, `Usu_Correo`, `Rut_ID`) VALUES (24, '2025-09-06', '05:29:45', '00:54:47', 7.11, 6.99, 18.81, 10.72, 496, 199.0, 'user1@ghost.com', 1);
INSERT INTO `Entrenamiento` (`Ent_ID`, `Ent_Fecha`, `Ent_Hora_Inicio`, `Ent_Duracion`, `Ent_Distancia`, `Ent_Ritmo`, `Ent_Max_Speed`, `Ent_Avg_Speed`, `Ent_Calorias`, `Ent_CambioNivel`, `Usu_Correo`, `Rut_ID`) VALUES (25, '2025-04-22', '18:02:04', '00:87:33', 7.92, 5.02, 29.68, 11.89, 413, 23.2, 'user24@ghost.com', 7);
INSERT INTO `Entrenamiento` (`Ent_ID`, `Ent_Fecha`, `Ent_Hora_Inicio`, `Ent_Duracion`, `Ent_Distancia`, `Ent_Ritmo`, `Ent_Max_Speed`, `Ent_Avg_Speed`, `Ent_Calorias`, `Ent_CambioNivel`, `Usu_Correo`, `Rut_ID`) VALUES (26, '2025-07-28', '13:31:28', '00:88:43', 9.83, 6.63, 17.44, 11.47, 356, 66.1, 'user10@ghost.com', 8);
INSERT INTO `Entrenamiento` (`Ent_ID`, `Ent_Fecha`, `Ent_Hora_Inicio`, `Ent_Duracion`, `Ent_Distancia`, `Ent_Ritmo`, `Ent_Max_Speed`, `Ent_Avg_Speed`, `Ent_Calorias`, `Ent_CambioNivel`, `Usu_Correo`, `Rut_ID`) VALUES (27, '2025-01-09', '08:39:44', '00:26:36', 7.11, 4.47, 20.17, 9.16, 500, 64.6, 'user23@ghost.com', 1);
INSERT INTO `Entrenamiento` (`Ent_ID`, `Ent_Fecha`, `Ent_Hora_Inicio`, `Ent_Duracion`, `Ent_Distancia`, `Ent_Ritmo`, `Ent_Max_Speed`, `Ent_Avg_Speed`, `Ent_Calorias`, `Ent_CambioNivel`, `Usu_Correo`, `Rut_ID`) VALUES (28, '2025-07-04', '11:26:56', '00:75:10', 6.01, 4.0, 17.11, 8.17, 328, 68.3, 'user25@ghost.com', 13);
INSERT INTO `Entrenamiento` (`Ent_ID`, `Ent_Fecha`, `Ent_Hora_Inicio`, `Ent_Duracion`, `Ent_Distancia`, `Ent_Ritmo`, `Ent_Max_Speed`, `Ent_Avg_Speed`, `Ent_Calorias`, `Ent_CambioNivel`, `Usu_Correo`, `Rut_ID`) VALUES (29, '2025-09-05', '11:16:24', '00:81:58', 7.31, 6.84, 27.28, 11.11, 392, 14.0, 'user0@ghost.com', 24);
INSERT INTO `Entrenamiento` (`Ent_ID`, `Ent_Fecha`, `Ent_Hora_Inicio`, `Ent_Duracion`, `Ent_Distancia`, `Ent_Ritmo`, `Ent_Max_Speed`, `Ent_Avg_Speed`, `Ent_Calorias`, `Ent_CambioNivel`, `Usu_Correo`, `Rut_ID`) VALUES (30, '2025-07-14', '21:34:15', '00:55:53', 9.73, 4.52, 17.55, 10.64, 361, 115.9, 'user29@ghost.com', 14);
INSERT INTO `Entrenamiento` (`Ent_ID`, `Ent_Fecha`, `Ent_Hora_Inicio`, `Ent_Duracion`, `Ent_Distancia`, `Ent_Ritmo`, `Ent_Max_Speed`, `Ent_Avg_Speed`, `Ent_Calorias`, `Ent_CambioNivel`, `Usu_Correo`, `Rut_ID`) VALUES (31, '2025-01-19', '17:31:29', '00:89:38', 14.44, 5.15, 21.52, 9.25, 213, 85.7, 'user16@ghost.com', 21);
INSERT INTO `Entrenamiento` (`Ent_ID`, `Ent_Fecha`, `Ent_Hora_Inicio`, `Ent_Duracion`, `Ent_Distancia`, `Ent_Ritmo`, `Ent_Max_Speed`, `Ent_Avg_Speed`, `Ent_Calorias`, `Ent_CambioNivel`, `Usu_Correo`, `Rut_ID`) VALUES (32, '2025-01-08', '03:27:53', '00:55:16', 6.45, 5.61, 23.32, 11.96, 394, 141.1, 'user26@ghost.com', 23);
INSERT INTO `Entrenamiento` (`Ent_ID`, `Ent_Fecha`, `Ent_Hora_Inicio`, `Ent_Duracion`, `Ent_Distancia`, `Ent_Ritmo`, `Ent_Max_Speed`, `Ent_Avg_Speed`, `Ent_Calorias`, `Ent_CambioNivel`, `Usu_Correo`, `Rut_ID`) VALUES (33, '2025-01-03', '10:00:27', '00:20:48', 5.1, 5.53, 26.77, 10.81, 776, 76.8, 'user13@ghost.com', 5);
INSERT INTO `Entrenamiento` (`Ent_ID`, `Ent_Fecha`, `Ent_Hora_Inicio`, `Ent_Duracion`, `Ent_Distancia`, `Ent_Ritmo`, `Ent_Max_Speed`, `Ent_Avg_Speed`, `Ent_Calorias`, `Ent_CambioNivel`, `Usu_Correo`, `Rut_ID`) VALUES (34, '2025-08-09', '14:34:55', '00:72:40', 6.01, 5.84, 27.06, 8.91, 216, 72.4, 'user14@ghost.com', 2);
INSERT INTO `Entrenamiento` (`Ent_ID`, `Ent_Fecha`, `Ent_Hora_Inicio`, `Ent_Duracion`, `Ent_Distancia`, `Ent_Ritmo`, `Ent_Max_Speed`, `Ent_Avg_Speed`, `Ent_Calorias`, `Ent_CambioNivel`, `Usu_Correo`, `Rut_ID`) VALUES (35, '2025-08-29', '01:07:05', '00:44:40', 7.23, 5.06, 25.5, 8.08, 455, 114.3, 'user5@ghost.com', 22);
INSERT INTO `Entrenamiento` (`Ent_ID`, `Ent_Fecha`, `Ent_Hora_Inicio`, `Ent_Duracion`, `Ent_Distancia`, `Ent_Ritmo`, `Ent_Max_Speed`, `Ent_Avg_Speed`, `Ent_Calorias`, `Ent_CambioNivel`, `Usu_Correo`, `Rut_ID`) VALUES (36, '2025-02-25', '11:38:01', '00:43:48', 9.1, 6.78, 16.17, 9.79, 660, 172.8, 'user7@ghost.com', 9);
INSERT INTO `Entrenamiento` (`Ent_ID`, `Ent_Fecha`, `Ent_Hora_Inicio`, `Ent_Duracion`, `Ent_Distancia`, `Ent_Ritmo`, `Ent_Max_Speed`, `Ent_Avg_Speed`, `Ent_Calorias`, `Ent_CambioNivel`, `Usu_Correo`, `Rut_ID`) VALUES (37, '2025-09-10', '21:09:07', '00:32:12', 6.45, 4.49, 28.85, 11.71, 604, 188.1, 'user28@ghost.com', 23);
INSERT INTO `Entrenamiento` (`Ent_ID`, `Ent_Fecha`, `Ent_Hora_Inicio`, `Ent_Duracion`, `Ent_Distancia`, `Ent_Ritmo`, `Ent_Max_Speed`, `Ent_Avg_Speed`, `Ent_Calorias`, `Ent_CambioNivel`, `Usu_Correo`, `Rut_ID`) VALUES (38, '2025-01-02', '19:17:59', '00:65:39', 9.73, 4.98, 19.61, 9.97, 456, 40.6, 'user8@ghost.com', 14);
INSERT INTO `Entrenamiento` (`Ent_ID`, `Ent_Fecha`, `Ent_Hora_Inicio`, `Ent_Duracion`, `Ent_Distancia`, `Ent_Ritmo`, `Ent_Max_Speed`, `Ent_Avg_Speed`, `Ent_Calorias`, `Ent_CambioNivel`, `Usu_Correo`, `Rut_ID`) VALUES (39, '2025-01-07', '14:04:46', '00:75:49', 6.01, 5.91, 25.1, 10.79, 239, 116.5, 'user12@ghost.com', 13);
INSERT INTO `Entrenamiento` (`Ent_ID`, `Ent_Fecha`, `Ent_Hora_Inicio`, `Ent_Duracion`, `Ent_Distancia`, `Ent_Ritmo`, `Ent_Max_Speed`, `Ent_Avg_Speed`, `Ent_Calorias`, `Ent_CambioNivel`, `Usu_Correo`, `Rut_ID`) VALUES (40, '2025-08-20', '19:17:22', '00:36:36', 6.37, 6.13, 19.92, 8.1, 685, 184.2, 'user11@ghost.com', 19);
INSERT INTO `Entrenamiento` (`Ent_ID`, `Ent_Fecha`, `Ent_Hora_Inicio`, `Ent_Duracion`, `Ent_Distancia`, `Ent_Ritmo`, `Ent_Max_Speed`, `Ent_Avg_Speed`, `Ent_Calorias`, `Ent_CambioNivel`, `Usu_Correo`, `Rut_ID`) VALUES (41, '2025-01-31', '08:30:04', '00:30:36', 6.01, 6.59, 20.42, 8.28, 313, 134.3, 'user4@ghost.com', 2);
INSERT INTO `Entrenamiento` (`Ent_ID`, `Ent_Fecha`, `Ent_Hora_Inicio`, `Ent_Duracion`, `Ent_Distancia`, `Ent_Ritmo`, `Ent_Max_Speed`, `Ent_Avg_Speed`, `Ent_Calorias`, `Ent_CambioNivel`, `Usu_Correo`, `Rut_ID`) VALUES (42, '2025-09-16', '18:27:12', '00:60:59', 6.01, 6.52, 29.32, 8.1, 602, 181.1, 'user15@ghost.com', 2);
INSERT INTO `Entrenamiento` (`Ent_ID`, `Ent_Fecha`, `Ent_Hora_Inicio`, `Ent_Duracion`, `Ent_Distancia`, `Ent_Ritmo`, `Ent_Max_Speed`, `Ent_Avg_Speed`, `Ent_Calorias`, `Ent_CambioNivel`, `Usu_Correo`, `Rut_ID`) VALUES (43, '2025-09-17', '12:44:31', '00:55:26', 14.44, 6.01, 23.93, 9.62, 513, 102.3, 'user24@ghost.com', 21);
INSERT INTO `Entrenamiento` (`Ent_ID`, `Ent_Fecha`, `Ent_Hora_Inicio`, `Ent_Duracion`, `Ent_Distancia`, `Ent_Ritmo`, `Ent_Max_Speed`, `Ent_Avg_Speed`, `Ent_Calorias`, `Ent_CambioNivel`, `Usu_Correo`, `Rut_ID`) VALUES (44, '2025-05-08', '10:38:54', '00:37:58', 5.1, 5.44, 24.63, 11.06, 247, 146.0, 'user5@ghost.com', 5);
INSERT INTO `Entrenamiento` (`Ent_ID`, `Ent_Fecha`, `Ent_Hora_Inicio`, `Ent_Duracion`, `Ent_Distancia`, `Ent_Ritmo`, `Ent_Max_Speed`, `Ent_Avg_Speed`, `Ent_Calorias`, `Ent_CambioNivel`, `Usu_Correo`, `Rut_ID`) VALUES (45, '2025-09-10', '02:40:29', '00:69:11', 6.01, 5.03, 23.79, 8.33, 773, 34.9, 'user16@ghost.com', 2);
INSERT INTO `Entrenamiento` (`Ent_ID`, `Ent_Fecha`, `Ent_Hora_Inicio`, `Ent_Duracion`, `Ent_Distancia`, `Ent_Ritmo`, `Ent_Max_Speed`, `Ent_Avg_Speed`, `Ent_Calorias`, `Ent_CambioNivel`, `Usu_Correo`, `Rut_ID`) VALUES (46, '2025-06-21', '19:48:47', '00:53:20', 7.92, 6.1, 18.81, 9.04, 667, 199.7, 'user8@ghost.com', 7);
INSERT INTO `Entrenamiento` (`Ent_ID`, `Ent_Fecha`, `Ent_Hora_Inicio`, `Ent_Duracion`, `Ent_Distancia`, `Ent_Ritmo`, `Ent_Max_Speed`, `Ent_Avg_Speed`, `Ent_Calorias`, `Ent_CambioNivel`, `Usu_Correo`, `Rut_ID`) VALUES (47, '2025-09-25', '08:19:59', '00:77:35', 14.36, 4.46, 24.49, 8.71, 724, 6.8, 'user4@ghost.com', 25);
INSERT INTO `Entrenamiento` (`Ent_ID`, `Ent_Fecha`, `Ent_Hora_Inicio`, `Ent_Duracion`, `Ent_Distancia`, `Ent_Ritmo`, `Ent_Max_Speed`, `Ent_Avg_Speed`, `Ent_Calorias`, `Ent_CambioNivel`, `Usu_Correo`, `Rut_ID`) VALUES (48, '2025-06-06', '01:49:08', '00:29:12', 7.29, 5.95, 21.85, 8.95, 669, 104.5, 'user24@ghost.com', 11);
INSERT INTO `Entrenamiento` (`Ent_ID`, `Ent_Fecha`, `Ent_Hora_Inicio`, `Ent_Duracion`, `Ent_Distancia`, `Ent_Ritmo`, `Ent_Max_Speed`, `Ent_Avg_Speed`, `Ent_Calorias`, `Ent_CambioNivel`, `Usu_Correo`, `Rut_ID`) VALUES (49, '2025-08-30', '06:07:56', '00:37:30', 7.29, 6.31, 15.86, 8.33, 730, 68.7, 'user22@ghost.com', 11);
INSERT INTO `Entrenamiento` (`Ent_ID`, `Ent_Fecha`, `Ent_Hora_Inicio`, `Ent_Duracion`, `Ent_Distancia`, `Ent_Ritmo`, `Ent_Max_Speed`, `Ent_Avg_Speed`, `Ent_Calorias`, `Ent_CambioNivel`, `Usu_Correo`, `Rut_ID`) VALUES (50, '2025-08-05', '23:06:03', '00:30:6', 14.36, 5.28, 20.28, 9.81, 587, 102.5, 'user26@ghost.com', 25);




INSERT INTO `Km` (`Km_ID`, `Km_Tiempo`, `Km_Distancia`, `Ent_ID`) VALUES (1, '00:4:8', 1, 1);
INSERT INTO `Km` (`Km_ID`, `Km_Tiempo`, `Km_Distancia`, `Ent_ID`) VALUES (2, '00:6:59', 1, 1);
INSERT INTO `Km` (`Km_ID`, `Km_Tiempo`, `Km_Distancia`, `Ent_ID`) VALUES (3, '00:4:11', 1, 1);
INSERT INTO `Km` (`Km_ID`, `Km_Tiempo`, `Km_Distancia`, `Ent_ID`) VALUES (4, '00:5:1', 1, 2);
INSERT INTO `Km` (`Km_ID`, `Km_Tiempo`, `Km_Distancia`, `Ent_ID`) VALUES (5, '00:6:56', 1, 2);
INSERT INTO `Km` (`Km_ID`, `Km_Tiempo`, `Km_Distancia`, `Ent_ID`) VALUES (6, '00:8:12', 1, 2);
INSERT INTO `Km` (`Km_ID`, `Km_Tiempo`, `Km_Distancia`, `Ent_ID`) VALUES (7, '00:4:26', 1, 2);
INSERT INTO `Km` (`Km_ID`, `Km_Tiempo`, `Km_Distancia`, `Ent_ID`) VALUES (8, '00:4:44', 1, 2);
INSERT INTO `Km` (`Km_ID`, `Km_Tiempo`, `Km_Distancia`, `Ent_ID`) VALUES (9, '00:6:50', 1, 2);
INSERT INTO `Km` (`Km_ID`, `Km_Tiempo`, `Km_Distancia`, `Ent_ID`) VALUES (10, '00:7:58', 1, 3);
INSERT INTO `Km` (`Km_ID`, `Km_Tiempo`, `Km_Distancia`, `Ent_ID`) VALUES (11, '00:4:38', 1, 3);
INSERT INTO `Km` (`Km_ID`, `Km_Tiempo`, `Km_Distancia`, `Ent_ID`) VALUES (12, '00:5:22', 1, 3);
INSERT INTO `Km` (`Km_ID`, `Km_Tiempo`, `Km_Distancia`, `Ent_ID`) VALUES (13, '00:4:26', 1, 3);
INSERT INTO `Km` (`Km_ID`, `Km_Tiempo`, `Km_Distancia`, `Ent_ID`) VALUES (14, '00:4:28', 1, 3);
INSERT INTO `Km` (`Km_ID`, `Km_Tiempo`, `Km_Distancia`, `Ent_ID`) VALUES (15, '00:6:38', 1, 3);
INSERT INTO `Km` (`Km_ID`, `Km_Tiempo`, `Km_Distancia`, `Ent_ID`) VALUES (16, '00:8:48', 1, 3);
INSERT INTO `Km` (`Km_ID`, `Km_Tiempo`, `Km_Distancia`, `Ent_ID`) VALUES (17, '00:6:43', 1, 3);
INSERT INTO `Km` (`Km_ID`, `Km_Tiempo`, `Km_Distancia`, `Ent_ID`) VALUES (18, '00:6:36', 1, 3);
INSERT INTO `Km` (`Km_ID`, `Km_Tiempo`, `Km_Distancia`, `Ent_ID`) VALUES (19, '00:7:26', 1, 4);
INSERT INTO `Km` (`Km_ID`, `Km_Tiempo`, `Km_Distancia`, `Ent_ID`) VALUES (20, '00:5:1', 1, 4);
INSERT INTO `Km` (`Km_ID`, `Km_Tiempo`, `Km_Distancia`, `Ent_ID`) VALUES (21, '00:7:51', 1, 4);
INSERT INTO `Km` (`Km_ID`, `Km_Tiempo`, `Km_Distancia`, `Ent_ID`) VALUES (22, '00:6:12', 1, 4);
INSERT INTO `Km` (`Km_ID`, `Km_Tiempo`, `Km_Distancia`, `Ent_ID`) VALUES (23, '00:7:4', 1, 4);
INSERT INTO `Km` (`Km_ID`, `Km_Tiempo`, `Km_Distancia`, `Ent_ID`) VALUES (24, '00:6:6', 1, 4);
INSERT INTO `Km` (`Km_ID`, `Km_Tiempo`, `Km_Distancia`, `Ent_ID`) VALUES (25, '00:4:1', 1, 5);
INSERT INTO `Km` (`Km_ID`, `Km_Tiempo`, `Km_Distancia`, `Ent_ID`) VALUES (26, '00:6:1', 1, 5);
INSERT INTO `Km` (`Km_ID`, `Km_Tiempo`, `Km_Distancia`, `Ent_ID`) VALUES (27, '00:5:25', 1, 5);
INSERT INTO `Km` (`Km_ID`, `Km_Tiempo`, `Km_Distancia`, `Ent_ID`) VALUES (28, '00:8:44', 1, 5);
INSERT INTO `Km` (`Km_ID`, `Km_Tiempo`, `Km_Distancia`, `Ent_ID`) VALUES (29, '00:4:20', 1, 5);
INSERT INTO `Km` (`Km_ID`, `Km_Tiempo`, `Km_Distancia`, `Ent_ID`) VALUES (30, '00:7:50', 1, 5);
INSERT INTO `Km` (`Km_ID`, `Km_Tiempo`, `Km_Distancia`, `Ent_ID`) VALUES (31, '00:8:47', 1, 5);
INSERT INTO `Km` (`Km_ID`, `Km_Tiempo`, `Km_Distancia`, `Ent_ID`) VALUES (32, '00:7:30', 1, 6);
INSERT INTO `Km` (`Km_ID`, `Km_Tiempo`, `Km_Distancia`, `Ent_ID`) VALUES (33, '00:4:54', 1, 6);
INSERT INTO `Km` (`Km_ID`, `Km_Tiempo`, `Km_Distancia`, `Ent_ID`) VALUES (34, '00:4:34', 1, 6);
INSERT INTO `Km` (`Km_ID`, `Km_Tiempo`, `Km_Distancia`, `Ent_ID`) VALUES (35, '00:7:50', 1, 6);
INSERT INTO `Km` (`Km_ID`, `Km_Tiempo`, `Km_Distancia`, `Ent_ID`) VALUES (36, '00:6:1', 1, 6);
INSERT INTO `Km` (`Km_ID`, `Km_Tiempo`, `Km_Distancia`, `Ent_ID`) VALUES (37, '00:8:6', 1, 6);
INSERT INTO `Km` (`Km_ID`, `Km_Tiempo`, `Km_Distancia`, `Ent_ID`) VALUES (38, '00:4:21', 1, 6);
INSERT INTO `Km` (`Km_ID`, `Km_Tiempo`, `Km_Distancia`, `Ent_ID`) VALUES (39, '00:6:6', 1, 6);
INSERT INTO `Km` (`Km_ID`, `Km_Tiempo`, `Km_Distancia`, `Ent_ID`) VALUES (40, '00:7:2', 1, 6);
INSERT INTO `Km` (`Km_ID`, `Km_Tiempo`, `Km_Distancia`, `Ent_ID`) VALUES (41, '00:5:58', 1, 6);
INSERT INTO `Km` (`Km_ID`, `Km_Tiempo`, `Km_Distancia`, `Ent_ID`) VALUES (42, '00:8:40', 1, 6);
INSERT INTO `Km` (`Km_ID`, `Km_Tiempo`, `Km_Distancia`, `Ent_ID`) VALUES (43, '00:6:2', 1, 6);
INSERT INTO `Km` (`Km_ID`, `Km_Tiempo`, `Km_Distancia`, `Ent_ID`) VALUES (44, '00:4:24', 1, 6);
INSERT INTO `Km` (`Km_ID`, `Km_Tiempo`, `Km_Distancia`, `Ent_ID`) VALUES (45, '00:6:10', 1, 7);
INSERT INTO `Km` (`Km_ID`, `Km_Tiempo`, `Km_Distancia`, `Ent_ID`) VALUES (46, '00:8:44', 1, 7);
INSERT INTO `Km` (`Km_ID`, `Km_Tiempo`, `Km_Distancia`, `Ent_ID`) VALUES (47, '00:5:10', 1, 7);
INSERT INTO `Km` (`Km_ID`, `Km_Tiempo`, `Km_Distancia`, `Ent_ID`) VALUES (48, '00:5:49', 1, 7);
INSERT INTO `Km` (`Km_ID`, `Km_Tiempo`, `Km_Distancia`, `Ent_ID`) VALUES (49, '00:5:40', 1, 7);
INSERT INTO `Km` (`Km_ID`, `Km_Tiempo`, `Km_Distancia`, `Ent_ID`) VALUES (50, '00:5:56', 1, 7);
INSERT INTO `Km` (`Km_ID`, `Km_Tiempo`, `Km_Distancia`, `Ent_ID`) VALUES (51, '00:8:21', 1, 7);
INSERT INTO `Km` (`Km_ID`, `Km_Tiempo`, `Km_Distancia`, `Ent_ID`) VALUES (52, '00:4:30', 1, 7);
INSERT INTO `Km` (`Km_ID`, `Km_Tiempo`, `Km_Distancia`, `Ent_ID`) VALUES (53, '00:7:2', 1, 7);
INSERT INTO `Km` (`Km_ID`, `Km_Tiempo`, `Km_Distancia`, `Ent_ID`) VALUES (54, '00:5:15', 1, 7);
INSERT INTO `Km` (`Km_ID`, `Km_Tiempo`, `Km_Distancia`, `Ent_ID`) VALUES (55, '00:6:21', 1, 7);
INSERT INTO `Km` (`Km_ID`, `Km_Tiempo`, `Km_Distancia`, `Ent_ID`) VALUES (56, '00:5:15', 1, 7);
INSERT INTO `Km` (`Km_ID`, `Km_Tiempo`, `Km_Distancia`, `Ent_ID`) VALUES (57, '00:6:14', 1, 7);
INSERT INTO `Km` (`Km_ID`, `Km_Tiempo`, `Km_Distancia`, `Ent_ID`) VALUES (58, '00:5:56', 1, 7);
INSERT INTO `Km` (`Km_ID`, `Km_Tiempo`, `Km_Distancia`, `Ent_ID`) VALUES (59, '00:7:29', 1, 8);
INSERT INTO `Km` (`Km_ID`, `Km_Tiempo`, `Km_Distancia`, `Ent_ID`) VALUES (60, '00:6:56', 1, 8);
INSERT INTO `Km` (`Km_ID`, `Km_Tiempo`, `Km_Distancia`, `Ent_ID`) VALUES (61, '00:8:8', 1, 8);
INSERT INTO `Km` (`Km_ID`, `Km_Tiempo`, `Km_Distancia`, `Ent_ID`) VALUES (62, '00:7:36', 1, 8);
INSERT INTO `Km` (`Km_ID`, `Km_Tiempo`, `Km_Distancia`, `Ent_ID`) VALUES (63, '00:4:10', 1, 8);
INSERT INTO `Km` (`Km_ID`, `Km_Tiempo`, `Km_Distancia`, `Ent_ID`) VALUES (64, '00:8:0', 1, 8);
INSERT INTO `Km` (`Km_ID`, `Km_Tiempo`, `Km_Distancia`, `Ent_ID`) VALUES (65, '00:7:45', 1, 8);
INSERT INTO `Km` (`Km_ID`, `Km_Tiempo`, `Km_Distancia`, `Ent_ID`) VALUES (66, '00:5:9', 1, 8);
INSERT INTO `Km` (`Km_ID`, `Km_Tiempo`, `Km_Distancia`, `Ent_ID`) VALUES (67, '00:4:1', 1, 8);
INSERT INTO `Km` (`Km_ID`, `Km_Tiempo`, `Km_Distancia`, `Ent_ID`) VALUES (68, '00:6:32', 1, 9);
INSERT INTO `Km` (`Km_ID`, `Km_Tiempo`, `Km_Distancia`, `Ent_ID`) VALUES (69, '00:4:2', 1, 9);
INSERT INTO `Km` (`Km_ID`, `Km_Tiempo`, `Km_Distancia`, `Ent_ID`) VALUES (70, '00:4:49', 1, 9);
INSERT INTO `Km` (`Km_ID`, `Km_Tiempo`, `Km_Distancia`, `Ent_ID`) VALUES (71, '00:4:36', 1, 9);
INSERT INTO `Km` (`Km_ID`, `Km_Tiempo`, `Km_Distancia`, `Ent_ID`) VALUES (72, '00:8:9', 1, 9);
INSERT INTO `Km` (`Km_ID`, `Km_Tiempo`, `Km_Distancia`, `Ent_ID`) VALUES (73, '00:5:43', 1, 9);
INSERT INTO `Km` (`Km_ID`, `Km_Tiempo`, `Km_Distancia`, `Ent_ID`) VALUES (74, '00:7:50', 1, 9);
INSERT INTO `Km` (`Km_ID`, `Km_Tiempo`, `Km_Distancia`, `Ent_ID`) VALUES (75, '00:4:26', 1, 10);
INSERT INTO `Km` (`Km_ID`, `Km_Tiempo`, `Km_Distancia`, `Ent_ID`) VALUES (76, '00:7:36', 1, 10);
INSERT INTO `Km` (`Km_ID`, `Km_Tiempo`, `Km_Distancia`, `Ent_ID`) VALUES (77, '00:6:45', 1, 10);
INSERT INTO `Km` (`Km_ID`, `Km_Tiempo`, `Km_Distancia`, `Ent_ID`) VALUES (78, '00:5:59', 1, 10);
INSERT INTO `Km` (`Km_ID`, `Km_Tiempo`, `Km_Distancia`, `Ent_ID`) VALUES (79, '00:5:23', 1, 10);
INSERT INTO `Km` (`Km_ID`, `Km_Tiempo`, `Km_Distancia`, `Ent_ID`) VALUES (80, '00:8:13', 1, 10);
INSERT INTO `Km` (`Km_ID`, `Km_Tiempo`, `Km_Distancia`, `Ent_ID`) VALUES (81, '00:8:25', 1, 10);
INSERT INTO `Km` (`Km_ID`, `Km_Tiempo`, `Km_Distancia`, `Ent_ID`) VALUES (82, '00:4:8', 1, 11);
INSERT INTO `Km` (`Km_ID`, `Km_Tiempo`, `Km_Distancia`, `Ent_ID`) VALUES (83, '00:7:36', 1, 11);
INSERT INTO `Km` (`Km_ID`, `Km_Tiempo`, `Km_Distancia`, `Ent_ID`) VALUES (84, '00:6:6', 1, 11);
INSERT INTO `Km` (`Km_ID`, `Km_Tiempo`, `Km_Distancia`, `Ent_ID`) VALUES (85, '00:7:57', 1, 11);
INSERT INTO `Km` (`Km_ID`, `Km_Tiempo`, `Km_Distancia`, `Ent_ID`) VALUES (86, '00:7:15', 1, 11);
INSERT INTO `Km` (`Km_ID`, `Km_Tiempo`, `Km_Distancia`, `Ent_ID`) VALUES (87, '00:7:24', 1, 11);
INSERT INTO `Km` (`Km_ID`, `Km_Tiempo`, `Km_Distancia`, `Ent_ID`) VALUES (88, '00:5:58', 1, 11);
INSERT INTO `Km` (`Km_ID`, `Km_Tiempo`, `Km_Distancia`, `Ent_ID`) VALUES (89, '00:7:15', 1, 12);
INSERT INTO `Km` (`Km_ID`, `Km_Tiempo`, `Km_Distancia`, `Ent_ID`) VALUES (90, '00:7:25', 1, 12);
INSERT INTO `Km` (`Km_ID`, `Km_Tiempo`, `Km_Distancia`, `Ent_ID`) VALUES (91, '00:8:4', 1, 12);
INSERT INTO `Km` (`Km_ID`, `Km_Tiempo`, `Km_Distancia`, `Ent_ID`) VALUES (92, '00:6:17', 1, 12);
INSERT INTO `Km` (`Km_ID`, `Km_Tiempo`, `Km_Distancia`, `Ent_ID`) VALUES (93, '00:8:23', 1, 12);
INSERT INTO `Km` (`Km_ID`, `Km_Tiempo`, `Km_Distancia`, `Ent_ID`) VALUES (94, '00:8:1', 1, 12);
INSERT INTO `Km` (`Km_ID`, `Km_Tiempo`, `Km_Distancia`, `Ent_ID`) VALUES (95, '00:8:39', 1, 12);
INSERT INTO `Km` (`Km_ID`, `Km_Tiempo`, `Km_Distancia`, `Ent_ID`) VALUES (96, '00:7:56', 1, 13);
INSERT INTO `Km` (`Km_ID`, `Km_Tiempo`, `Km_Distancia`, `Ent_ID`) VALUES (97, '00:5:17', 1, 13);
INSERT INTO `Km` (`Km_ID`, `Km_Tiempo`, `Km_Distancia`, `Ent_ID`) VALUES (98, '00:4:39', 1, 13);
INSERT INTO `Km` (`Km_ID`, `Km_Tiempo`, `Km_Distancia`, `Ent_ID`) VALUES (99, '00:6:55', 1, 13);
INSERT INTO `Km` (`Km_ID`, `Km_Tiempo`, `Km_Distancia`, `Ent_ID`) VALUES (100, '00:7:40', 1, 13);
INSERT INTO `Km` (`Km_ID`, `Km_Tiempo`, `Km_Distancia`, `Ent_ID`) VALUES (101, '00:4:34', 1, 13);
INSERT INTO `Km` (`Km_ID`, `Km_Tiempo`, `Km_Distancia`, `Ent_ID`) VALUES (102, '00:4:9', 1, 13);
INSERT INTO `Km` (`Km_ID`, `Km_Tiempo`, `Km_Distancia`, `Ent_ID`) VALUES (103, '00:7:1', 1, 13);
INSERT INTO `Km` (`Km_ID`, `Km_Tiempo`, `Km_Distancia`, `Ent_ID`) VALUES (104, '00:7:46', 1, 13);
INSERT INTO `Km` (`Km_ID`, `Km_Tiempo`, `Km_Distancia`, `Ent_ID`) VALUES (105, '00:7:27', 1, 13);
INSERT INTO `Km` (`Km_ID`, `Km_Tiempo`, `Km_Distancia`, `Ent_ID`) VALUES (106, '00:4:45', 1, 13);
INSERT INTO `Km` (`Km_ID`, `Km_Tiempo`, `Km_Distancia`, `Ent_ID`) VALUES (107, '00:7:38', 1, 13);
INSERT INTO `Km` (`Km_ID`, `Km_Tiempo`, `Km_Distancia`, `Ent_ID`) VALUES (108, '00:7:10', 1, 13);
INSERT INTO `Km` (`Km_ID`, `Km_Tiempo`, `Km_Distancia`, `Ent_ID`) VALUES (109, '00:5:21', 1, 13);
INSERT INTO `Km` (`Km_ID`, `Km_Tiempo`, `Km_Distancia`, `Ent_ID`) VALUES (110, '00:7:26', 1, 14);
INSERT INTO `Km` (`Km_ID`, `Km_Tiempo`, `Km_Distancia`, `Ent_ID`) VALUES (111, '00:5:37', 1, 14);
INSERT INTO `Km` (`Km_ID`, `Km_Tiempo`, `Km_Distancia`, `Ent_ID`) VALUES (112, '00:6:48', 1, 14);
INSERT INTO `Km` (`Km_ID`, `Km_Tiempo`, `Km_Distancia`, `Ent_ID`) VALUES (113, '00:8:7', 1, 14);
INSERT INTO `Km` (`Km_ID`, `Km_Tiempo`, `Km_Distancia`, `Ent_ID`) VALUES (114, '00:6:22', 1, 14);
INSERT INTO `Km` (`Km_ID`, `Km_Tiempo`, `Km_Distancia`, `Ent_ID`) VALUES (115, '00:5:40', 1, 14);
INSERT INTO `Km` (`Km_ID`, `Km_Tiempo`, `Km_Distancia`, `Ent_ID`) VALUES (116, '00:6:49', 1, 14);
INSERT INTO `Km` (`Km_ID`, `Km_Tiempo`, `Km_Distancia`, `Ent_ID`) VALUES (117, '00:7:40', 1, 15);
INSERT INTO `Km` (`Km_ID`, `Km_Tiempo`, `Km_Distancia`, `Ent_ID`) VALUES (118, '00:8:48', 1, 15);
INSERT INTO `Km` (`Km_ID`, `Km_Tiempo`, `Km_Distancia`, `Ent_ID`) VALUES (119, '00:4:12', 1, 15);
INSERT INTO `Km` (`Km_ID`, `Km_Tiempo`, `Km_Distancia`, `Ent_ID`) VALUES (120, '00:6:11', 1, 15);
INSERT INTO `Km` (`Km_ID`, `Km_Tiempo`, `Km_Distancia`, `Ent_ID`) VALUES (121, '00:8:20', 1, 15);
INSERT INTO `Km` (`Km_ID`, `Km_Tiempo`, `Km_Distancia`, `Ent_ID`) VALUES (122, '00:6:24', 1, 15);
INSERT INTO `Km` (`Km_ID`, `Km_Tiempo`, `Km_Distancia`, `Ent_ID`) VALUES (123, '00:4:18', 1, 15);
INSERT INTO `Km` (`Km_ID`, `Km_Tiempo`, `Km_Distancia`, `Ent_ID`) VALUES (124, '00:8:27', 1, 15);
INSERT INTO `Km` (`Km_ID`, `Km_Tiempo`, `Km_Distancia`, `Ent_ID`) VALUES (125, '00:4:43', 1, 15);
INSERT INTO `Km` (`Km_ID`, `Km_Tiempo`, `Km_Distancia`, `Ent_ID`) VALUES (126, '00:7:17', 1, 15);
INSERT INTO `Km` (`Km_ID`, `Km_Tiempo`, `Km_Distancia`, `Ent_ID`) VALUES (127, '00:7:46', 1, 15);
INSERT INTO `Km` (`Km_ID`, `Km_Tiempo`, `Km_Distancia`, `Ent_ID`) VALUES (128, '00:5:22', 1, 15);
INSERT INTO `Km` (`Km_ID`, `Km_Tiempo`, `Km_Distancia`, `Ent_ID`) VALUES (129, '00:5:8', 1, 15);
INSERT INTO `Km` (`Km_ID`, `Km_Tiempo`, `Km_Distancia`, `Ent_ID`) VALUES (130, '00:4:39', 1, 16);
INSERT INTO `Km` (`Km_ID`, `Km_Tiempo`, `Km_Distancia`, `Ent_ID`) VALUES (131, '00:6:10', 1, 16);
INSERT INTO `Km` (`Km_ID`, `Km_Tiempo`, `Km_Distancia`, `Ent_ID`) VALUES (132, '00:4:27', 1, 16);
INSERT INTO `Km` (`Km_ID`, `Km_Tiempo`, `Km_Distancia`, `Ent_ID`) VALUES (133, '00:8:25', 1, 16);
INSERT INTO `Km` (`Km_ID`, `Km_Tiempo`, `Km_Distancia`, `Ent_ID`) VALUES (134, '00:7:4', 1, 16);
INSERT INTO `Km` (`Km_ID`, `Km_Tiempo`, `Km_Distancia`, `Ent_ID`) VALUES (135, '00:4:49', 1, 16);
INSERT INTO `Km` (`Km_ID`, `Km_Tiempo`, `Km_Distancia`, `Ent_ID`) VALUES (136, '00:7:34', 1, 16);
INSERT INTO `Km` (`Km_ID`, `Km_Tiempo`, `Km_Distancia`, `Ent_ID`) VALUES (137, '00:8:8', 1, 16);
INSERT INTO `Km` (`Km_ID`, `Km_Tiempo`, `Km_Distancia`, `Ent_ID`) VALUES (138, '00:5:9', 1, 16);
INSERT INTO `Km` (`Km_ID`, `Km_Tiempo`, `Km_Distancia`, `Ent_ID`) VALUES (139, '00:5:10', 1, 17);
INSERT INTO `Km` (`Km_ID`, `Km_Tiempo`, `Km_Distancia`, `Ent_ID`) VALUES (140, '00:5:1', 1, 17);
INSERT INTO `Km` (`Km_ID`, `Km_Tiempo`, `Km_Distancia`, `Ent_ID`) VALUES (141, '00:8:8', 1, 17);
INSERT INTO `Km` (`Km_ID`, `Km_Tiempo`, `Km_Distancia`, `Ent_ID`) VALUES (142, '00:7:22', 1, 17);
INSERT INTO `Km` (`Km_ID`, `Km_Tiempo`, `Km_Distancia`, `Ent_ID`) VALUES (143, '00:8:47', 1, 17);
INSERT INTO `Km` (`Km_ID`, `Km_Tiempo`, `Km_Distancia`, `Ent_ID`) VALUES (144, '00:6:45', 1, 17);
INSERT INTO `Km` (`Km_ID`, `Km_Tiempo`, `Km_Distancia`, `Ent_ID`) VALUES (145, '00:6:43', 1, 17);
INSERT INTO `Km` (`Km_ID`, `Km_Tiempo`, `Km_Distancia`, `Ent_ID`) VALUES (146, '00:4:51', 1, 17);
INSERT INTO `Km` (`Km_ID`, `Km_Tiempo`, `Km_Distancia`, `Ent_ID`) VALUES (147, '00:7:49', 1, 17);
INSERT INTO `Km` (`Km_ID`, `Km_Tiempo`, `Km_Distancia`, `Ent_ID`) VALUES (148, '00:6:57', 1, 18);
INSERT INTO `Km` (`Km_ID`, `Km_Tiempo`, `Km_Distancia`, `Ent_ID`) VALUES (149, '00:5:21', 1, 18);
INSERT INTO `Km` (`Km_ID`, `Km_Tiempo`, `Km_Distancia`, `Ent_ID`) VALUES (150, '00:8:21', 1, 18);
INSERT INTO `Km` (`Km_ID`, `Km_Tiempo`, `Km_Distancia`, `Ent_ID`) VALUES (151, '00:8:44', 1, 18);
INSERT INTO `Km` (`Km_ID`, `Km_Tiempo`, `Km_Distancia`, `Ent_ID`) VALUES (152, '00:5:58', 1, 18);
INSERT INTO `Km` (`Km_ID`, `Km_Tiempo`, `Km_Distancia`, `Ent_ID`) VALUES (153, '00:7:47', 1, 19);
INSERT INTO `Km` (`Km_ID`, `Km_Tiempo`, `Km_Distancia`, `Ent_ID`) VALUES (154, '00:8:19', 1, 19);
INSERT INTO `Km` (`Km_ID`, `Km_Tiempo`, `Km_Distancia`, `Ent_ID`) VALUES (155, '00:5:56', 1, 19);
INSERT INTO `Km` (`Km_ID`, `Km_Tiempo`, `Km_Distancia`, `Ent_ID`) VALUES (156, '00:7:22', 1, 19);
INSERT INTO `Km` (`Km_ID`, `Km_Tiempo`, `Km_Distancia`, `Ent_ID`) VALUES (157, '00:7:30', 1, 19);
INSERT INTO `Km` (`Km_ID`, `Km_Tiempo`, `Km_Distancia`, `Ent_ID`) VALUES (158, '00:8:19', 1, 19);
INSERT INTO `Km` (`Km_ID`, `Km_Tiempo`, `Km_Distancia`, `Ent_ID`) VALUES (159, '00:7:26', 1, 19);
INSERT INTO `Km` (`Km_ID`, `Km_Tiempo`, `Km_Distancia`, `Ent_ID`) VALUES (160, '00:4:43', 1, 19);
INSERT INTO `Km` (`Km_ID`, `Km_Tiempo`, `Km_Distancia`, `Ent_ID`) VALUES (161, '00:5:9', 1, 20);
INSERT INTO `Km` (`Km_ID`, `Km_Tiempo`, `Km_Distancia`, `Ent_ID`) VALUES (162, '00:4:37', 1, 20);
INSERT INTO `Km` (`Km_ID`, `Km_Tiempo`, `Km_Distancia`, `Ent_ID`) VALUES (163, '00:8:40', 1, 20);
INSERT INTO `Km` (`Km_ID`, `Km_Tiempo`, `Km_Distancia`, `Ent_ID`) VALUES (164, '00:8:6', 1, 20);
INSERT INTO `Km` (`Km_ID`, `Km_Tiempo`, `Km_Distancia`, `Ent_ID`) VALUES (165, '00:5:38', 1, 20);
INSERT INTO `Km` (`Km_ID`, `Km_Tiempo`, `Km_Distancia`, `Ent_ID`) VALUES (166, '00:8:32', 1, 21);
INSERT INTO `Km` (`Km_ID`, `Km_Tiempo`, `Km_Distancia`, `Ent_ID`) VALUES (167, '00:4:17', 1, 21);
INSERT INTO `Km` (`Km_ID`, `Km_Tiempo`, `Km_Distancia`, `Ent_ID`) VALUES (168, '00:8:10', 1, 21);
INSERT INTO `Km` (`Km_ID`, `Km_Tiempo`, `Km_Distancia`, `Ent_ID`) VALUES (169, '00:7:5', 1, 21);
INSERT INTO `Km` (`Km_ID`, `Km_Tiempo`, `Km_Distancia`, `Ent_ID`) VALUES (170, '00:4:0', 1, 21);
INSERT INTO `Km` (`Km_ID`, `Km_Tiempo`, `Km_Distancia`, `Ent_ID`) VALUES (171, '00:4:57', 1, 21);
INSERT INTO `Km` (`Km_ID`, `Km_Tiempo`, `Km_Distancia`, `Ent_ID`) VALUES (172, '00:6:52', 1, 22);
INSERT INTO `Km` (`Km_ID`, `Km_Tiempo`, `Km_Distancia`, `Ent_ID`) VALUES (173, '00:7:20', 1, 22);
INSERT INTO `Km` (`Km_ID`, `Km_Tiempo`, `Km_Distancia`, `Ent_ID`) VALUES (174, '00:4:43', 1, 22);
INSERT INTO `Km` (`Km_ID`, `Km_Tiempo`, `Km_Distancia`, `Ent_ID`) VALUES (175, '00:7:23', 1, 22);
INSERT INTO `Km` (`Km_ID`, `Km_Tiempo`, `Km_Distancia`, `Ent_ID`) VALUES (176, '00:8:44', 1, 22);
INSERT INTO `Km` (`Km_ID`, `Km_Tiempo`, `Km_Distancia`, `Ent_ID`) VALUES (177, '00:6:42', 1, 22);
INSERT INTO `Km` (`Km_ID`, `Km_Tiempo`, `Km_Distancia`, `Ent_ID`) VALUES (178, '00:7:51', 1, 22);
INSERT INTO `Km` (`Km_ID`, `Km_Tiempo`, `Km_Distancia`, `Ent_ID`) VALUES (179, '00:5:59', 1, 22);
INSERT INTO `Km` (`Km_ID`, `Km_Tiempo`, `Km_Distancia`, `Ent_ID`) VALUES (180, '00:5:35', 1, 22);
INSERT INTO `Km` (`Km_ID`, `Km_Tiempo`, `Km_Distancia`, `Ent_ID`) VALUES (181, '00:8:52', 1, 22);
INSERT INTO `Km` (`Km_ID`, `Km_Tiempo`, `Km_Distancia`, `Ent_ID`) VALUES (182, '00:4:49', 1, 22);
INSERT INTO `Km` (`Km_ID`, `Km_Tiempo`, `Km_Distancia`, `Ent_ID`) VALUES (183, '00:8:58', 1, 23);
INSERT INTO `Km` (`Km_ID`, `Km_Tiempo`, `Km_Distancia`, `Ent_ID`) VALUES (184, '00:5:1', 1, 23);
INSERT INTO `Km` (`Km_ID`, `Km_Tiempo`, `Km_Distancia`, `Ent_ID`) VALUES (185, '00:5:56', 1, 23);
INSERT INTO `Km` (`Km_ID`, `Km_Tiempo`, `Km_Distancia`, `Ent_ID`) VALUES (186, '00:8:26', 1, 24);
INSERT INTO `Km` (`Km_ID`, `Km_Tiempo`, `Km_Distancia`, `Ent_ID`) VALUES (187, '00:8:42', 1, 24);
INSERT INTO `Km` (`Km_ID`, `Km_Tiempo`, `Km_Distancia`, `Ent_ID`) VALUES (188, '00:5:28', 1, 24);
INSERT INTO `Km` (`Km_ID`, `Km_Tiempo`, `Km_Distancia`, `Ent_ID`) VALUES (189, '00:7:16', 1, 24);
INSERT INTO `Km` (`Km_ID`, `Km_Tiempo`, `Km_Distancia`, `Ent_ID`) VALUES (190, '00:4:37', 1, 24);
INSERT INTO `Km` (`Km_ID`, `Km_Tiempo`, `Km_Distancia`, `Ent_ID`) VALUES (191, '00:5:58', 1, 24);
INSERT INTO `Km` (`Km_ID`, `Km_Tiempo`, `Km_Distancia`, `Ent_ID`) VALUES (192, '00:7:10', 1, 24);
INSERT INTO `Km` (`Km_ID`, `Km_Tiempo`, `Km_Distancia`, `Ent_ID`) VALUES (193, '00:7:36', 1, 25);
INSERT INTO `Km` (`Km_ID`, `Km_Tiempo`, `Km_Distancia`, `Ent_ID`) VALUES (194, '00:4:58', 1, 25);
INSERT INTO `Km` (`Km_ID`, `Km_Tiempo`, `Km_Distancia`, `Ent_ID`) VALUES (195, '00:7:59', 1, 25);
INSERT INTO `Km` (`Km_ID`, `Km_Tiempo`, `Km_Distancia`, `Ent_ID`) VALUES (196, '00:4:41', 1, 25);
INSERT INTO `Km` (`Km_ID`, `Km_Tiempo`, `Km_Distancia`, `Ent_ID`) VALUES (197, '00:8:25', 1, 25);
INSERT INTO `Km` (`Km_ID`, `Km_Tiempo`, `Km_Distancia`, `Ent_ID`) VALUES (198, '00:6:14', 1, 25);
INSERT INTO `Km` (`Km_ID`, `Km_Tiempo`, `Km_Distancia`, `Ent_ID`) VALUES (199, '00:8:55', 1, 25);
INSERT INTO `Km` (`Km_ID`, `Km_Tiempo`, `Km_Distancia`, `Ent_ID`) VALUES (200, '00:7:2', 1, 26);
INSERT INTO `Km` (`Km_ID`, `Km_Tiempo`, `Km_Distancia`, `Ent_ID`) VALUES (201, '00:7:39', 1, 26);
INSERT INTO `Km` (`Km_ID`, `Km_Tiempo`, `Km_Distancia`, `Ent_ID`) VALUES (202, '00:4:17', 1, 26);
INSERT INTO `Km` (`Km_ID`, `Km_Tiempo`, `Km_Distancia`, `Ent_ID`) VALUES (203, '00:8:31', 1, 26);
INSERT INTO `Km` (`Km_ID`, `Km_Tiempo`, `Km_Distancia`, `Ent_ID`) VALUES (204, '00:8:41', 1, 26);
INSERT INTO `Km` (`Km_ID`, `Km_Tiempo`, `Km_Distancia`, `Ent_ID`) VALUES (205, '00:7:30', 1, 26);
INSERT INTO `Km` (`Km_ID`, `Km_Tiempo`, `Km_Distancia`, `Ent_ID`) VALUES (206, '00:6:11', 1, 26);
INSERT INTO `Km` (`Km_ID`, `Km_Tiempo`, `Km_Distancia`, `Ent_ID`) VALUES (207, '00:5:34', 1, 26);
INSERT INTO `Km` (`Km_ID`, `Km_Tiempo`, `Km_Distancia`, `Ent_ID`) VALUES (208, '00:6:10', 1, 26);
INSERT INTO `Km` (`Km_ID`, `Km_Tiempo`, `Km_Distancia`, `Ent_ID`) VALUES (209, '00:6:54', 1, 27);
INSERT INTO `Km` (`Km_ID`, `Km_Tiempo`, `Km_Distancia`, `Ent_ID`) VALUES (210, '00:8:53', 1, 27);
INSERT INTO `Km` (`Km_ID`, `Km_Tiempo`, `Km_Distancia`, `Ent_ID`) VALUES (211, '00:5:29', 1, 27);
INSERT INTO `Km` (`Km_ID`, `Km_Tiempo`, `Km_Distancia`, `Ent_ID`) VALUES (212, '00:4:4', 1, 27);
INSERT INTO `Km` (`Km_ID`, `Km_Tiempo`, `Km_Distancia`, `Ent_ID`) VALUES (213, '00:7:25', 1, 27);
INSERT INTO `Km` (`Km_ID`, `Km_Tiempo`, `Km_Distancia`, `Ent_ID`) VALUES (214, '00:8:26', 1, 27);
INSERT INTO `Km` (`Km_ID`, `Km_Tiempo`, `Km_Distancia`, `Ent_ID`) VALUES (215, '00:8:5', 1, 27);
INSERT INTO `Km` (`Km_ID`, `Km_Tiempo`, `Km_Distancia`, `Ent_ID`) VALUES (216, '00:6:30', 1, 28);
INSERT INTO `Km` (`Km_ID`, `Km_Tiempo`, `Km_Distancia`, `Ent_ID`) VALUES (217, '00:5:52', 1, 28);
INSERT INTO `Km` (`Km_ID`, `Km_Tiempo`, `Km_Distancia`, `Ent_ID`) VALUES (218, '00:4:18', 1, 28);
INSERT INTO `Km` (`Km_ID`, `Km_Tiempo`, `Km_Distancia`, `Ent_ID`) VALUES (219, '00:5:23', 1, 28);
INSERT INTO `Km` (`Km_ID`, `Km_Tiempo`, `Km_Distancia`, `Ent_ID`) VALUES (220, '00:4:8', 1, 28);
INSERT INTO `Km` (`Km_ID`, `Km_Tiempo`, `Km_Distancia`, `Ent_ID`) VALUES (221, '00:4:52', 1, 28);
INSERT INTO `Km` (`Km_ID`, `Km_Tiempo`, `Km_Distancia`, `Ent_ID`) VALUES (222, '00:5:37', 1, 29);
INSERT INTO `Km` (`Km_ID`, `Km_Tiempo`, `Km_Distancia`, `Ent_ID`) VALUES (223, '00:8:12', 1, 29);
INSERT INTO `Km` (`Km_ID`, `Km_Tiempo`, `Km_Distancia`, `Ent_ID`) VALUES (224, '00:4:2', 1, 29);
INSERT INTO `Km` (`Km_ID`, `Km_Tiempo`, `Km_Distancia`, `Ent_ID`) VALUES (225, '00:7:35', 1, 29);
INSERT INTO `Km` (`Km_ID`, `Km_Tiempo`, `Km_Distancia`, `Ent_ID`) VALUES (226, '00:8:31', 1, 29);
INSERT INTO `Km` (`Km_ID`, `Km_Tiempo`, `Km_Distancia`, `Ent_ID`) VALUES (227, '00:4:59', 1, 29);
INSERT INTO `Km` (`Km_ID`, `Km_Tiempo`, `Km_Distancia`, `Ent_ID`) VALUES (228, '00:7:35', 1, 29);
INSERT INTO `Km` (`Km_ID`, `Km_Tiempo`, `Km_Distancia`, `Ent_ID`) VALUES (229, '00:6:55', 1, 30);
INSERT INTO `Km` (`Km_ID`, `Km_Tiempo`, `Km_Distancia`, `Ent_ID`) VALUES (230, '00:6:55', 1, 30);
INSERT INTO `Km` (`Km_ID`, `Km_Tiempo`, `Km_Distancia`, `Ent_ID`) VALUES (231, '00:4:43', 1, 30);
INSERT INTO `Km` (`Km_ID`, `Km_Tiempo`, `Km_Distancia`, `Ent_ID`) VALUES (232, '00:4:15', 1, 30);
INSERT INTO `Km` (`Km_ID`, `Km_Tiempo`, `Km_Distancia`, `Ent_ID`) VALUES (233, '00:5:31', 1, 30);
INSERT INTO `Km` (`Km_ID`, `Km_Tiempo`, `Km_Distancia`, `Ent_ID`) VALUES (234, '00:6:17', 1, 30);
INSERT INTO `Km` (`Km_ID`, `Km_Tiempo`, `Km_Distancia`, `Ent_ID`) VALUES (235, '00:5:0', 1, 30);
INSERT INTO `Km` (`Km_ID`, `Km_Tiempo`, `Km_Distancia`, `Ent_ID`) VALUES (236, '00:7:22', 1, 30);
INSERT INTO `Km` (`Km_ID`, `Km_Tiempo`, `Km_Distancia`, `Ent_ID`) VALUES (237, '00:8:59', 1, 30);
INSERT INTO `Km` (`Km_ID`, `Km_Tiempo`, `Km_Distancia`, `Ent_ID`) VALUES (238, '00:6:5', 1, 31);
INSERT INTO `Km` (`Km_ID`, `Km_Tiempo`, `Km_Distancia`, `Ent_ID`) VALUES (239, '00:4:19', 1, 31);
INSERT INTO `Km` (`Km_ID`, `Km_Tiempo`, `Km_Distancia`, `Ent_ID`) VALUES (240, '00:8:27', 1, 31);
INSERT INTO `Km` (`Km_ID`, `Km_Tiempo`, `Km_Distancia`, `Ent_ID`) VALUES (241, '00:5:47', 1, 31);
INSERT INTO `Km` (`Km_ID`, `Km_Tiempo`, `Km_Distancia`, `Ent_ID`) VALUES (242, '00:6:24', 1, 31);
INSERT INTO `Km` (`Km_ID`, `Km_Tiempo`, `Km_Distancia`, `Ent_ID`) VALUES (243, '00:5:14', 1, 31);
INSERT INTO `Km` (`Km_ID`, `Km_Tiempo`, `Km_Distancia`, `Ent_ID`) VALUES (244, '00:6:59', 1, 31);
INSERT INTO `Km` (`Km_ID`, `Km_Tiempo`, `Km_Distancia`, `Ent_ID`) VALUES (245, '00:5:47', 1, 31);
INSERT INTO `Km` (`Km_ID`, `Km_Tiempo`, `Km_Distancia`, `Ent_ID`) VALUES (246, '00:7:42', 1, 31);
INSERT INTO `Km` (`Km_ID`, `Km_Tiempo`, `Km_Distancia`, `Ent_ID`) VALUES (247, '00:6:18', 1, 31);
INSERT INTO `Km` (`Km_ID`, `Km_Tiempo`, `Km_Distancia`, `Ent_ID`) VALUES (248, '00:7:39', 1, 31);
INSERT INTO `Km` (`Km_ID`, `Km_Tiempo`, `Km_Distancia`, `Ent_ID`) VALUES (249, '00:5:53', 1, 31);
INSERT INTO `Km` (`Km_ID`, `Km_Tiempo`, `Km_Distancia`, `Ent_ID`) VALUES (250, '00:4:25', 1, 31);
INSERT INTO `Km` (`Km_ID`, `Km_Tiempo`, `Km_Distancia`, `Ent_ID`) VALUES (251, '00:6:32', 1, 31);
INSERT INTO `Km` (`Km_ID`, `Km_Tiempo`, `Km_Distancia`, `Ent_ID`) VALUES (252, '00:7:14', 1, 32);
INSERT INTO `Km` (`Km_ID`, `Km_Tiempo`, `Km_Distancia`, `Ent_ID`) VALUES (253, '00:6:40', 1, 32);
INSERT INTO `Km` (`Km_ID`, `Km_Tiempo`, `Km_Distancia`, `Ent_ID`) VALUES (254, '00:6:27', 1, 32);
INSERT INTO `Km` (`Km_ID`, `Km_Tiempo`, `Km_Distancia`, `Ent_ID`) VALUES (255, '00:6:22', 1, 32);
INSERT INTO `Km` (`Km_ID`, `Km_Tiempo`, `Km_Distancia`, `Ent_ID`) VALUES (256, '00:7:49', 1, 32);
INSERT INTO `Km` (`Km_ID`, `Km_Tiempo`, `Km_Distancia`, `Ent_ID`) VALUES (257, '00:6:55', 1, 32);
INSERT INTO `Km` (`Km_ID`, `Km_Tiempo`, `Km_Distancia`, `Ent_ID`) VALUES (258, '00:4:30', 1, 33);
INSERT INTO `Km` (`Km_ID`, `Km_Tiempo`, `Km_Distancia`, `Ent_ID`) VALUES (259, '00:6:7', 1, 33);
INSERT INTO `Km` (`Km_ID`, `Km_Tiempo`, `Km_Distancia`, `Ent_ID`) VALUES (260, '00:7:9', 1, 33);
INSERT INTO `Km` (`Km_ID`, `Km_Tiempo`, `Km_Distancia`, `Ent_ID`) VALUES (261, '00:6:59', 1, 33);
INSERT INTO `Km` (`Km_ID`, `Km_Tiempo`, `Km_Distancia`, `Ent_ID`) VALUES (262, '00:5:47', 1, 33);
INSERT INTO `Km` (`Km_ID`, `Km_Tiempo`, `Km_Distancia`, `Ent_ID`) VALUES (263, '00:5:59', 1, 34);
INSERT INTO `Km` (`Km_ID`, `Km_Tiempo`, `Km_Distancia`, `Ent_ID`) VALUES (264, '00:6:31', 1, 34);
INSERT INTO `Km` (`Km_ID`, `Km_Tiempo`, `Km_Distancia`, `Ent_ID`) VALUES (265, '00:5:7', 1, 34);
INSERT INTO `Km` (`Km_ID`, `Km_Tiempo`, `Km_Distancia`, `Ent_ID`) VALUES (266, '00:7:24', 1, 34);
INSERT INTO `Km` (`Km_ID`, `Km_Tiempo`, `Km_Distancia`, `Ent_ID`) VALUES (267, '00:7:32', 1, 34);
INSERT INTO `Km` (`Km_ID`, `Km_Tiempo`, `Km_Distancia`, `Ent_ID`) VALUES (268, '00:7:59', 1, 34);
INSERT INTO `Km` (`Km_ID`, `Km_Tiempo`, `Km_Distancia`, `Ent_ID`) VALUES (269, '00:8:53', 1, 35);
INSERT INTO `Km` (`Km_ID`, `Km_Tiempo`, `Km_Distancia`, `Ent_ID`) VALUES (270, '00:8:14', 1, 35);
INSERT INTO `Km` (`Km_ID`, `Km_Tiempo`, `Km_Distancia`, `Ent_ID`) VALUES (271, '00:7:32', 1, 35);
INSERT INTO `Km` (`Km_ID`, `Km_Tiempo`, `Km_Distancia`, `Ent_ID`) VALUES (272, '00:6:31', 1, 35);
INSERT INTO `Km` (`Km_ID`, `Km_Tiempo`, `Km_Distancia`, `Ent_ID`) VALUES (273, '00:5:20', 1, 35);
INSERT INTO `Km` (`Km_ID`, `Km_Tiempo`, `Km_Distancia`, `Ent_ID`) VALUES (274, '00:8:43', 1, 35);
INSERT INTO `Km` (`Km_ID`, `Km_Tiempo`, `Km_Distancia`, `Ent_ID`) VALUES (275, '00:4:5', 1, 35);
INSERT INTO `Km` (`Km_ID`, `Km_Tiempo`, `Km_Distancia`, `Ent_ID`) VALUES (276, '00:7:20', 1, 36);
INSERT INTO `Km` (`Km_ID`, `Km_Tiempo`, `Km_Distancia`, `Ent_ID`) VALUES (277, '00:7:57', 1, 36);
INSERT INTO `Km` (`Km_ID`, `Km_Tiempo`, `Km_Distancia`, `Ent_ID`) VALUES (278, '00:5:52', 1, 36);
INSERT INTO `Km` (`Km_ID`, `Km_Tiempo`, `Km_Distancia`, `Ent_ID`) VALUES (279, '00:7:3', 1, 36);
INSERT INTO `Km` (`Km_ID`, `Km_Tiempo`, `Km_Distancia`, `Ent_ID`) VALUES (280, '00:8:49', 1, 36);
INSERT INTO `Km` (`Km_ID`, `Km_Tiempo`, `Km_Distancia`, `Ent_ID`) VALUES (281, '00:4:26', 1, 36);
INSERT INTO `Km` (`Km_ID`, `Km_Tiempo`, `Km_Distancia`, `Ent_ID`) VALUES (282, '00:4:16', 1, 36);
INSERT INTO `Km` (`Km_ID`, `Km_Tiempo`, `Km_Distancia`, `Ent_ID`) VALUES (283, '00:5:46', 1, 36);
INSERT INTO `Km` (`Km_ID`, `Km_Tiempo`, `Km_Distancia`, `Ent_ID`) VALUES (284, '00:6:11', 1, 36);
INSERT INTO `Km` (`Km_ID`, `Km_Tiempo`, `Km_Distancia`, `Ent_ID`) VALUES (285, '00:4:11', 1, 37);
INSERT INTO `Km` (`Km_ID`, `Km_Tiempo`, `Km_Distancia`, `Ent_ID`) VALUES (286, '00:6:1', 1, 37);
INSERT INTO `Km` (`Km_ID`, `Km_Tiempo`, `Km_Distancia`, `Ent_ID`) VALUES (287, '00:5:2', 1, 37);
INSERT INTO `Km` (`Km_ID`, `Km_Tiempo`, `Km_Distancia`, `Ent_ID`) VALUES (288, '00:4:24', 1, 37);
INSERT INTO `Km` (`Km_ID`, `Km_Tiempo`, `Km_Distancia`, `Ent_ID`) VALUES (289, '00:8:0', 1, 37);
INSERT INTO `Km` (`Km_ID`, `Km_Tiempo`, `Km_Distancia`, `Ent_ID`) VALUES (290, '00:5:7', 1, 37);
INSERT INTO `Km` (`Km_ID`, `Km_Tiempo`, `Km_Distancia`, `Ent_ID`) VALUES (291, '00:8:38', 1, 38);
INSERT INTO `Km` (`Km_ID`, `Km_Tiempo`, `Km_Distancia`, `Ent_ID`) VALUES (292, '00:5:5', 1, 38);
INSERT INTO `Km` (`Km_ID`, `Km_Tiempo`, `Km_Distancia`, `Ent_ID`) VALUES (293, '00:7:12', 1, 38);
INSERT INTO `Km` (`Km_ID`, `Km_Tiempo`, `Km_Distancia`, `Ent_ID`) VALUES (294, '00:4:33', 1, 38);
INSERT INTO `Km` (`Km_ID`, `Km_Tiempo`, `Km_Distancia`, `Ent_ID`) VALUES (295, '00:8:54', 1, 38);
INSERT INTO `Km` (`Km_ID`, `Km_Tiempo`, `Km_Distancia`, `Ent_ID`) VALUES (296, '00:7:4', 1, 38);
INSERT INTO `Km` (`Km_ID`, `Km_Tiempo`, `Km_Distancia`, `Ent_ID`) VALUES (297, '00:8:11', 1, 38);
INSERT INTO `Km` (`Km_ID`, `Km_Tiempo`, `Km_Distancia`, `Ent_ID`) VALUES (298, '00:5:14', 1, 38);
INSERT INTO `Km` (`Km_ID`, `Km_Tiempo`, `Km_Distancia`, `Ent_ID`) VALUES (299, '00:7:24', 1, 38);
INSERT INTO `Km` (`Km_ID`, `Km_Tiempo`, `Km_Distancia`, `Ent_ID`) VALUES (300, '00:7:51', 1, 39);
INSERT INTO `Km` (`Km_ID`, `Km_Tiempo`, `Km_Distancia`, `Ent_ID`) VALUES (301, '00:4:27', 1, 39);
INSERT INTO `Km` (`Km_ID`, `Km_Tiempo`, `Km_Distancia`, `Ent_ID`) VALUES (302, '00:5:24', 1, 39);
INSERT INTO `Km` (`Km_ID`, `Km_Tiempo`, `Km_Distancia`, `Ent_ID`) VALUES (303, '00:4:39', 1, 39);
INSERT INTO `Km` (`Km_ID`, `Km_Tiempo`, `Km_Distancia`, `Ent_ID`) VALUES (304, '00:6:1', 1, 39);
INSERT INTO `Km` (`Km_ID`, `Km_Tiempo`, `Km_Distancia`, `Ent_ID`) VALUES (305, '00:8:22', 1, 39);
INSERT INTO `Km` (`Km_ID`, `Km_Tiempo`, `Km_Distancia`, `Ent_ID`) VALUES (306, '00:6:52', 1, 40);
INSERT INTO `Km` (`Km_ID`, `Km_Tiempo`, `Km_Distancia`, `Ent_ID`) VALUES (307, '00:6:43', 1, 40);
INSERT INTO `Km` (`Km_ID`, `Km_Tiempo`, `Km_Distancia`, `Ent_ID`) VALUES (308, '00:7:41', 1, 40);
INSERT INTO `Km` (`Km_ID`, `Km_Tiempo`, `Km_Distancia`, `Ent_ID`) VALUES (309, '00:5:38', 1, 40);
INSERT INTO `Km` (`Km_ID`, `Km_Tiempo`, `Km_Distancia`, `Ent_ID`) VALUES (310, '00:8:5', 1, 40);
INSERT INTO `Km` (`Km_ID`, `Km_Tiempo`, `Km_Distancia`, `Ent_ID`) VALUES (311, '00:6:6', 1, 40);
INSERT INTO `Km` (`Km_ID`, `Km_Tiempo`, `Km_Distancia`, `Ent_ID`) VALUES (312, '00:4:17', 1, 41);
INSERT INTO `Km` (`Km_ID`, `Km_Tiempo`, `Km_Distancia`, `Ent_ID`) VALUES (313, '00:4:44', 1, 41);
INSERT INTO `Km` (`Km_ID`, `Km_Tiempo`, `Km_Distancia`, `Ent_ID`) VALUES (314, '00:5:39', 1, 41);
INSERT INTO `Km` (`Km_ID`, `Km_Tiempo`, `Km_Distancia`, `Ent_ID`) VALUES (315, '00:5:24', 1, 41);
INSERT INTO `Km` (`Km_ID`, `Km_Tiempo`, `Km_Distancia`, `Ent_ID`) VALUES (316, '00:5:36', 1, 41);
INSERT INTO `Km` (`Km_ID`, `Km_Tiempo`, `Km_Distancia`, `Ent_ID`) VALUES (317, '00:6:12', 1, 41);
INSERT INTO `Km` (`Km_ID`, `Km_Tiempo`, `Km_Distancia`, `Ent_ID`) VALUES (318, '00:7:32', 1, 42);
INSERT INTO `Km` (`Km_ID`, `Km_Tiempo`, `Km_Distancia`, `Ent_ID`) VALUES (319, '00:8:7', 1, 42);
INSERT INTO `Km` (`Km_ID`, `Km_Tiempo`, `Km_Distancia`, `Ent_ID`) VALUES (320, '00:8:6', 1, 42);
INSERT INTO `Km` (`Km_ID`, `Km_Tiempo`, `Km_Distancia`, `Ent_ID`) VALUES (321, '00:7:7', 1, 42);
INSERT INTO `Km` (`Km_ID`, `Km_Tiempo`, `Km_Distancia`, `Ent_ID`) VALUES (322, '00:8:57', 1, 42);
INSERT INTO `Km` (`Km_ID`, `Km_Tiempo`, `Km_Distancia`, `Ent_ID`) VALUES (323, '00:7:30', 1, 42);
INSERT INTO `Km` (`Km_ID`, `Km_Tiempo`, `Km_Distancia`, `Ent_ID`) VALUES (324, '00:5:29', 1, 43);
INSERT INTO `Km` (`Km_ID`, `Km_Tiempo`, `Km_Distancia`, `Ent_ID`) VALUES (325, '00:8:21', 1, 43);
INSERT INTO `Km` (`Km_ID`, `Km_Tiempo`, `Km_Distancia`, `Ent_ID`) VALUES (326, '00:5:26', 1, 43);
INSERT INTO `Km` (`Km_ID`, `Km_Tiempo`, `Km_Distancia`, `Ent_ID`) VALUES (327, '00:6:24', 1, 43);
INSERT INTO `Km` (`Km_ID`, `Km_Tiempo`, `Km_Distancia`, `Ent_ID`) VALUES (328, '00:4:36', 1, 43);
INSERT INTO `Km` (`Km_ID`, `Km_Tiempo`, `Km_Distancia`, `Ent_ID`) VALUES (329, '00:8:21', 1, 43);
INSERT INTO `Km` (`Km_ID`, `Km_Tiempo`, `Km_Distancia`, `Ent_ID`) VALUES (330, '00:5:29', 1, 43);
INSERT INTO `Km` (`Km_ID`, `Km_Tiempo`, `Km_Distancia`, `Ent_ID`) VALUES (331, '00:5:22', 1, 43);
INSERT INTO `Km` (`Km_ID`, `Km_Tiempo`, `Km_Distancia`, `Ent_ID`) VALUES (332, '00:7:49', 1, 43);
INSERT INTO `Km` (`Km_ID`, `Km_Tiempo`, `Km_Distancia`, `Ent_ID`) VALUES (333, '00:7:1', 1, 43);
INSERT INTO `Km` (`Km_ID`, `Km_Tiempo`, `Km_Distancia`, `Ent_ID`) VALUES (334, '00:7:46', 1, 43);
INSERT INTO `Km` (`Km_ID`, `Km_Tiempo`, `Km_Distancia`, `Ent_ID`) VALUES (335, '00:4:35', 1, 43);
INSERT INTO `Km` (`Km_ID`, `Km_Tiempo`, `Km_Distancia`, `Ent_ID`) VALUES (336, '00:7:48', 1, 43);
INSERT INTO `Km` (`Km_ID`, `Km_Tiempo`, `Km_Distancia`, `Ent_ID`) VALUES (337, '00:7:14', 1, 43);
INSERT INTO `Km` (`Km_ID`, `Km_Tiempo`, `Km_Distancia`, `Ent_ID`) VALUES (338, '00:7:15', 1, 44);
INSERT INTO `Km` (`Km_ID`, `Km_Tiempo`, `Km_Distancia`, `Ent_ID`) VALUES (339, '00:6:30', 1, 44);
INSERT INTO `Km` (`Km_ID`, `Km_Tiempo`, `Km_Distancia`, `Ent_ID`) VALUES (340, '00:7:9', 1, 44);
INSERT INTO `Km` (`Km_ID`, `Km_Tiempo`, `Km_Distancia`, `Ent_ID`) VALUES (341, '00:5:28', 1, 44);
INSERT INTO `Km` (`Km_ID`, `Km_Tiempo`, `Km_Distancia`, `Ent_ID`) VALUES (342, '00:6:23', 1, 44);
INSERT INTO `Km` (`Km_ID`, `Km_Tiempo`, `Km_Distancia`, `Ent_ID`) VALUES (343, '00:7:38', 1, 45);
INSERT INTO `Km` (`Km_ID`, `Km_Tiempo`, `Km_Distancia`, `Ent_ID`) VALUES (344, '00:5:53', 1, 45);
INSERT INTO `Km` (`Km_ID`, `Km_Tiempo`, `Km_Distancia`, `Ent_ID`) VALUES (345, '00:8:43', 1, 45);
INSERT INTO `Km` (`Km_ID`, `Km_Tiempo`, `Km_Distancia`, `Ent_ID`) VALUES (346, '00:4:12', 1, 45);
INSERT INTO `Km` (`Km_ID`, `Km_Tiempo`, `Km_Distancia`, `Ent_ID`) VALUES (347, '00:6:59', 1, 45);
INSERT INTO `Km` (`Km_ID`, `Km_Tiempo`, `Km_Distancia`, `Ent_ID`) VALUES (348, '00:8:40', 1, 45);
INSERT INTO `Km` (`Km_ID`, `Km_Tiempo`, `Km_Distancia`, `Ent_ID`) VALUES (349, '00:4:3', 1, 46);
INSERT INTO `Km` (`Km_ID`, `Km_Tiempo`, `Km_Distancia`, `Ent_ID`) VALUES (350, '00:5:21', 1, 46);
INSERT INTO `Km` (`Km_ID`, `Km_Tiempo`, `Km_Distancia`, `Ent_ID`) VALUES (351, '00:4:21', 1, 46);
INSERT INTO `Km` (`Km_ID`, `Km_Tiempo`, `Km_Distancia`, `Ent_ID`) VALUES (352, '00:8:51', 1, 46);
INSERT INTO `Km` (`Km_ID`, `Km_Tiempo`, `Km_Distancia`, `Ent_ID`) VALUES (353, '00:5:49', 1, 46);
INSERT INTO `Km` (`Km_ID`, `Km_Tiempo`, `Km_Distancia`, `Ent_ID`) VALUES (354, '00:7:24', 1, 46);
INSERT INTO `Km` (`Km_ID`, `Km_Tiempo`, `Km_Distancia`, `Ent_ID`) VALUES (355, '00:5:26', 1, 46);
INSERT INTO `Km` (`Km_ID`, `Km_Tiempo`, `Km_Distancia`, `Ent_ID`) VALUES (356, '00:7:12', 1, 47);
INSERT INTO `Km` (`Km_ID`, `Km_Tiempo`, `Km_Distancia`, `Ent_ID`) VALUES (357, '00:5:25', 1, 47);
INSERT INTO `Km` (`Km_ID`, `Km_Tiempo`, `Km_Distancia`, `Ent_ID`) VALUES (358, '00:4:50', 1, 47);
INSERT INTO `Km` (`Km_ID`, `Km_Tiempo`, `Km_Distancia`, `Ent_ID`) VALUES (359, '00:6:56', 1, 47);
INSERT INTO `Km` (`Km_ID`, `Km_Tiempo`, `Km_Distancia`, `Ent_ID`) VALUES (360, '00:8:12', 1, 47);
INSERT INTO `Km` (`Km_ID`, `Km_Tiempo`, `Km_Distancia`, `Ent_ID`) VALUES (361, '00:6:11', 1, 47);
INSERT INTO `Km` (`Km_ID`, `Km_Tiempo`, `Km_Distancia`, `Ent_ID`) VALUES (362, '00:8:59', 1, 47);
INSERT INTO `Km` (`Km_ID`, `Km_Tiempo`, `Km_Distancia`, `Ent_ID`) VALUES (363, '00:8:45', 1, 47);
INSERT INTO `Km` (`Km_ID`, `Km_Tiempo`, `Km_Distancia`, `Ent_ID`) VALUES (364, '00:8:37', 1, 47);
INSERT INTO `Km` (`Km_ID`, `Km_Tiempo`, `Km_Distancia`, `Ent_ID`) VALUES (365, '00:7:9', 1, 47);
INSERT INTO `Km` (`Km_ID`, `Km_Tiempo`, `Km_Distancia`, `Ent_ID`) VALUES (366, '00:8:31', 1, 47);
INSERT INTO `Km` (`Km_ID`, `Km_Tiempo`, `Km_Distancia`, `Ent_ID`) VALUES (367, '00:8:59', 1, 47);
INSERT INTO `Km` (`Km_ID`, `Km_Tiempo`, `Km_Distancia`, `Ent_ID`) VALUES (368, '00:5:38', 1, 47);
INSERT INTO `Km` (`Km_ID`, `Km_Tiempo`, `Km_Distancia`, `Ent_ID`) VALUES (369, '00:7:2', 1, 47);
INSERT INTO `Km` (`Km_ID`, `Km_Tiempo`, `Km_Distancia`, `Ent_ID`) VALUES (370, '00:5:31', 1, 48);
INSERT INTO `Km` (`Km_ID`, `Km_Tiempo`, `Km_Distancia`, `Ent_ID`) VALUES (371, '00:8:53', 1, 48);
INSERT INTO `Km` (`Km_ID`, `Km_Tiempo`, `Km_Distancia`, `Ent_ID`) VALUES (372, '00:6:35', 1, 48);
INSERT INTO `Km` (`Km_ID`, `Km_Tiempo`, `Km_Distancia`, `Ent_ID`) VALUES (373, '00:5:0', 1, 48);
INSERT INTO `Km` (`Km_ID`, `Km_Tiempo`, `Km_Distancia`, `Ent_ID`) VALUES (374, '00:4:3', 1, 48);
INSERT INTO `Km` (`Km_ID`, `Km_Tiempo`, `Km_Distancia`, `Ent_ID`) VALUES (375, '00:5:15', 1, 48);
INSERT INTO `Km` (`Km_ID`, `Km_Tiempo`, `Km_Distancia`, `Ent_ID`) VALUES (376, '00:7:55', 1, 48);
INSERT INTO `Km` (`Km_ID`, `Km_Tiempo`, `Km_Distancia`, `Ent_ID`) VALUES (377, '00:8:14', 1, 49);
INSERT INTO `Km` (`Km_ID`, `Km_Tiempo`, `Km_Distancia`, `Ent_ID`) VALUES (378, '00:4:55', 1, 49);
INSERT INTO `Km` (`Km_ID`, `Km_Tiempo`, `Km_Distancia`, `Ent_ID`) VALUES (379, '00:8:27', 1, 49);
INSERT INTO `Km` (`Km_ID`, `Km_Tiempo`, `Km_Distancia`, `Ent_ID`) VALUES (380, '00:6:56', 1, 49);
INSERT INTO `Km` (`Km_ID`, `Km_Tiempo`, `Km_Distancia`, `Ent_ID`) VALUES (381, '00:6:31', 1, 49);
INSERT INTO `Km` (`Km_ID`, `Km_Tiempo`, `Km_Distancia`, `Ent_ID`) VALUES (382, '00:5:10', 1, 49);
INSERT INTO `Km` (`Km_ID`, `Km_Tiempo`, `Km_Distancia`, `Ent_ID`) VALUES (383, '00:6:35', 1, 49);
INSERT INTO `Km` (`Km_ID`, `Km_Tiempo`, `Km_Distancia`, `Ent_ID`) VALUES (384, '00:6:45', 1, 50);
INSERT INTO `Km` (`Km_ID`, `Km_Tiempo`, `Km_Distancia`, `Ent_ID`) VALUES (385, '00:7:25', 1, 50);
INSERT INTO `Km` (`Km_ID`, `Km_Tiempo`, `Km_Distancia`, `Ent_ID`) VALUES (386, '00:7:42', 1, 50);
INSERT INTO `Km` (`Km_ID`, `Km_Tiempo`, `Km_Distancia`, `Ent_ID`) VALUES (387, '00:6:54', 1, 50);
INSERT INTO `Km` (`Km_ID`, `Km_Tiempo`, `Km_Distancia`, `Ent_ID`) VALUES (388, '00:7:4', 1, 50);
INSERT INTO `Km` (`Km_ID`, `Km_Tiempo`, `Km_Distancia`, `Ent_ID`) VALUES (389, '00:5:14', 1, 50);
INSERT INTO `Km` (`Km_ID`, `Km_Tiempo`, `Km_Distancia`, `Ent_ID`) VALUES (390, '00:4:48', 1, 50);
INSERT INTO `Km` (`Km_ID`, `Km_Tiempo`, `Km_Distancia`, `Ent_ID`) VALUES (391, '00:5:59', 1, 50);
INSERT INTO `Km` (`Km_ID`, `Km_Tiempo`, `Km_Distancia`, `Ent_ID`) VALUES (392, '00:7:29', 1, 50);
INSERT INTO `Km` (`Km_ID`, `Km_Tiempo`, `Km_Distancia`, `Ent_ID`) VALUES (393, '00:8:13', 1, 50);
INSERT INTO `Km` (`Km_ID`, `Km_Tiempo`, `Km_Distancia`, `Ent_ID`) VALUES (394, '00:6:45', 1, 50);
INSERT INTO `Km` (`Km_ID`, `Km_Tiempo`, `Km_Distancia`, `Ent_ID`) VALUES (395, '00:4:1', 1, 50);
INSERT INTO `Km` (`Km_ID`, `Km_Tiempo`, `Km_Distancia`, `Ent_ID`) VALUES (396, '00:7:13', 1, 50);
INSERT INTO `Km` (`Km_ID`, `Km_Tiempo`, `Km_Distancia`, `Ent_ID`) VALUES (397, '00:4:54', 1, 50);




INSERT INTO `Reto` (`Ret_Men_ID`, `Ret_Men_Distancia`, `Ret_Men_Fecha_Inicio`, `Ret_Men_Fecha_Finalizacion`) VALUES (1, 58.9, '2025-03-07', '2025-08-30');
INSERT INTO `Reto` (`Ret_Men_ID`, `Ret_Men_Distancia`, `Ret_Men_Fecha_Inicio`, `Ret_Men_Fecha_Finalizacion`) VALUES (2, 69.9, '2025-03-20', '2025-06-20');
INSERT INTO `Reto` (`Ret_Men_ID`, `Ret_Men_Distancia`, `Ret_Men_Fecha_Inicio`, `Ret_Men_Fecha_Finalizacion`) VALUES (3, 85.4, '2025-01-13', '2025-02-19');
INSERT INTO `Reto` (`Ret_Men_ID`, `Ret_Men_Distancia`, `Ret_Men_Fecha_Inicio`, `Ret_Men_Fecha_Finalizacion`) VALUES (4, 67.9, '2025-01-06', '2025-01-28');
INSERT INTO `Reto` (`Ret_Men_ID`, `Ret_Men_Distancia`, `Ret_Men_Fecha_Inicio`, `Ret_Men_Fecha_Finalizacion`) VALUES (5, 74.3, '2025-01-20', '2025-05-17');
INSERT INTO `Reto` (`Ret_Men_ID`, `Ret_Men_Distancia`, `Ret_Men_Fecha_Inicio`, `Ret_Men_Fecha_Finalizacion`) VALUES (6, 97.2, '2025-05-29', '2025-09-17');
INSERT INTO `Reto` (`Ret_Men_ID`, `Ret_Men_Distancia`, `Ret_Men_Fecha_Inicio`, `Ret_Men_Fecha_Finalizacion`) VALUES (7, 76.8, '2025-02-08', '2025-05-29');
INSERT INTO `Reto` (`Ret_Men_ID`, `Ret_Men_Distancia`, `Ret_Men_Fecha_Inicio`, `Ret_Men_Fecha_Finalizacion`) VALUES (8, 67.2, '2025-06-21', '2025-07-01');
INSERT INTO `Reto` (`Ret_Men_ID`, `Ret_Men_Distancia`, `Ret_Men_Fecha_Inicio`, `Ret_Men_Fecha_Finalizacion`) VALUES (9, 93.5, '2025-04-30', '2025-07-05');
INSERT INTO `Reto` (`Ret_Men_ID`, `Ret_Men_Distancia`, `Ret_Men_Fecha_Inicio`, `Ret_Men_Fecha_Finalizacion`) VALUES (10, 51.6, '2025-09-13', '2025-09-15');




INSERT INTO `Inscripcion_Reto` (`Ret_ID`, `Usu_Correo`) VALUES (10, 'user17@ghost.com');
INSERT INTO `Inscripcion_Reto` (`Ret_ID`, `Usu_Correo`) VALUES (9, 'user29@ghost.com');
INSERT INTO `Inscripcion_Reto` (`Ret_ID`, `Usu_Correo`) VALUES (6, 'user2@ghost.com');
INSERT INTO `Inscripcion_Reto` (`Ret_ID`, `Usu_Correo`) VALUES (3, 'user27@ghost.com');
INSERT INTO `Inscripcion_Reto` (`Ret_ID`, `Usu_Correo`) VALUES (8, 'user19@ghost.com');
INSERT INTO `Inscripcion_Reto` (`Ret_ID`, `Usu_Correo`) VALUES (5, 'user23@ghost.com');
INSERT INTO `Inscripcion_Reto` (`Ret_ID`, `Usu_Correo`) VALUES (2, 'user15@ghost.com');
INSERT INTO `Inscripcion_Reto` (`Ret_ID`, `Usu_Correo`) VALUES (10, 'user0@ghost.com');
INSERT INTO `Inscripcion_Reto` (`Ret_ID`, `Usu_Correo`) VALUES (8, 'user6@ghost.com');
INSERT INTO `Inscripcion_Reto` (`Ret_ID`, `Usu_Correo`) VALUES (5, 'user13@ghost.com');
INSERT INTO `Inscripcion_Reto` (`Ret_ID`, `Usu_Correo`) VALUES (4, 'user25@ghost.com');
INSERT INTO `Inscripcion_Reto` (`Ret_ID`, `Usu_Correo`) VALUES (7, 'user11@ghost.com');
INSERT INTO `Inscripcion_Reto` (`Ret_ID`, `Usu_Correo`) VALUES (7, 'user9@ghost.com');
INSERT INTO `Inscripcion_Reto` (`Ret_ID`, `Usu_Correo`) VALUES (9, 'user26@ghost.com');
INSERT INTO `Inscripcion_Reto` (`Ret_ID`, `Usu_Correo`) VALUES (6, 'user22@ghost.com');
INSERT INTO `Inscripcion_Reto` (`Ret_ID`, `Usu_Correo`) VALUES (4, 'user12@ghost.com');
INSERT INTO `Inscripcion_Reto` (`Ret_ID`, `Usu_Correo`) VALUES (10, 'user14@ghost.com');
INSERT INTO `Inscripcion_Reto` (`Ret_ID`, `Usu_Correo`) VALUES (5, 'user3@ghost.com');
INSERT INTO `Inscripcion_Reto` (`Ret_ID`, `Usu_Correo`) VALUES (2, 'user28@ghost.com');
INSERT INTO `Inscripcion_Reto` (`Ret_ID`, `Usu_Correo`) VALUES (1, 'user24@ghost.com');




INSERT INTO `Publicacion` (`Pub_ID`, `Pub_Likes`, `Pub_ImagenRuta`, `Pub_Privacidad`, `Usu_Correo`, `Rut_ID`) VALUES (1, 320, NULL, 2, 'user4@ghost.com', 11);
INSERT INTO `Publicacion` (`Pub_ID`, `Pub_Likes`, `Pub_ImagenRuta`, `Pub_Privacidad`, `Usu_Correo`, `Rut_ID`) VALUES (2, 32, NULL, 2, 'user18@ghost.com', 16);
INSERT INTO `Publicacion` (`Pub_ID`, `Pub_Likes`, `Pub_ImagenRuta`, `Pub_Privacidad`, `Usu_Correo`, `Rut_ID`) VALUES (3, 163, NULL, 1, 'user15@ghost.com', 14);
INSERT INTO `Publicacion` (`Pub_ID`, `Pub_Likes`, `Pub_ImagenRuta`, `Pub_Privacidad`, `Usu_Correo`, `Rut_ID`) VALUES (4, 59, NULL, 1, 'user23@ghost.com', 1);
INSERT INTO `Publicacion` (`Pub_ID`, `Pub_Likes`, `Pub_ImagenRuta`, `Pub_Privacidad`, `Usu_Correo`, `Rut_ID`) VALUES (5, 479, NULL, 0, 'user19@ghost.com', 22);
INSERT INTO `Publicacion` (`Pub_ID`, `Pub_Likes`, `Pub_ImagenRuta`, `Pub_Privacidad`, `Usu_Correo`, `Rut_ID`) VALUES (6, 453, NULL, 0, 'user24@ghost.com', 5);
INSERT INTO `Publicacion` (`Pub_ID`, `Pub_Likes`, `Pub_ImagenRuta`, `Pub_Privacidad`, `Usu_Correo`, `Rut_ID`) VALUES (7, 220, NULL, 0, 'user3@ghost.com', 23);
INSERT INTO `Publicacion` (`Pub_ID`, `Pub_Likes`, `Pub_ImagenRuta`, `Pub_Privacidad`, `Usu_Correo`, `Rut_ID`) VALUES (8, 139, NULL, 1, 'user1@ghost.com', 21);
INSERT INTO `Publicacion` (`Pub_ID`, `Pub_Likes`, `Pub_ImagenRuta`, `Pub_Privacidad`, `Usu_Correo`, `Rut_ID`) VALUES (9, 176, NULL, 1, 'user12@ghost.com', 4);
INSERT INTO `Publicacion` (`Pub_ID`, `Pub_Likes`, `Pub_ImagenRuta`, `Pub_Privacidad`, `Usu_Correo`, `Rut_ID`) VALUES (10, 411, NULL, 2, 'user11@ghost.com', 20);
INSERT INTO `Publicacion` (`Pub_ID`, `Pub_Likes`, `Pub_ImagenRuta`, `Pub_Privacidad`, `Usu_Correo`, `Rut_ID`) VALUES (11, 422, NULL, 2, 'user6@ghost.com', 24);
INSERT INTO `Publicacion` (`Pub_ID`, `Pub_Likes`, `Pub_ImagenRuta`, `Pub_Privacidad`, `Usu_Correo`, `Rut_ID`) VALUES (12, 173, NULL, 2, 'user17@ghost.com', 2);
INSERT INTO `Publicacion` (`Pub_ID`, `Pub_Likes`, `Pub_ImagenRuta`, `Pub_Privacidad`, `Usu_Correo`, `Rut_ID`) VALUES (13, 82, NULL, 1, 'user17@ghost.com', 1);
INSERT INTO `Publicacion` (`Pub_ID`, `Pub_Likes`, `Pub_ImagenRuta`, `Pub_Privacidad`, `Usu_Correo`, `Rut_ID`) VALUES (14, 326, NULL, 1, 'user26@ghost.com', 1);
INSERT INTO `Publicacion` (`Pub_ID`, `Pub_Likes`, `Pub_ImagenRuta`, `Pub_Privacidad`, `Usu_Correo`, `Rut_ID`) VALUES (15, 176, NULL, 0, 'user10@ghost.com', 5);
INSERT INTO `Publicacion` (`Pub_ID`, `Pub_Likes`, `Pub_ImagenRuta`, `Pub_Privacidad`, `Usu_Correo`, `Rut_ID`) VALUES (16, 213, NULL, 0, 'user19@ghost.com', 18);
INSERT INTO `Publicacion` (`Pub_ID`, `Pub_Likes`, `Pub_ImagenRuta`, `Pub_Privacidad`, `Usu_Correo`, `Rut_ID`) VALUES (17, 53, NULL, 2, 'user8@ghost.com', 19);
INSERT INTO `Publicacion` (`Pub_ID`, `Pub_Likes`, `Pub_ImagenRuta`, `Pub_Privacidad`, `Usu_Correo`, `Rut_ID`) VALUES (18, 65, NULL, 1, 'user2@ghost.com', 19);
INSERT INTO `Publicacion` (`Pub_ID`, `Pub_Likes`, `Pub_ImagenRuta`, `Pub_Privacidad`, `Usu_Correo`, `Rut_ID`) VALUES (19, 430, NULL, 0, 'user1@ghost.com', 17);
INSERT INTO `Publicacion` (`Pub_ID`, `Pub_Likes`, `Pub_ImagenRuta`, `Pub_Privacidad`, `Usu_Correo`, `Rut_ID`) VALUES (20, 285, NULL, 2, 'user11@ghost.com', 4);
INSERT INTO `Publicacion` (`Pub_ID`, `Pub_Likes`, `Pub_ImagenRuta`, `Pub_Privacidad`, `Usu_Correo`, `Rut_ID`) VALUES (21, 355, NULL, 2, 'user6@ghost.com', 6);
INSERT INTO `Publicacion` (`Pub_ID`, `Pub_Likes`, `Pub_ImagenRuta`, `Pub_Privacidad`, `Usu_Correo`, `Rut_ID`) VALUES (22, 103, NULL, 2, 'user7@ghost.com', 13);
INSERT INTO `Publicacion` (`Pub_ID`, `Pub_Likes`, `Pub_ImagenRuta`, `Pub_Privacidad`, `Usu_Correo`, `Rut_ID`) VALUES (23, 224, NULL, 1, 'user22@ghost.com', 24);
INSERT INTO `Publicacion` (`Pub_ID`, `Pub_Likes`, `Pub_ImagenRuta`, `Pub_Privacidad`, `Usu_Correo`, `Rut_ID`) VALUES (24, 369, NULL, 1, 'user5@ghost.com', 9);
INSERT INTO `Publicacion` (`Pub_ID`, `Pub_Likes`, `Pub_ImagenRuta`, `Pub_Privacidad`, `Usu_Correo`, `Rut_ID`) VALUES (25, 110, NULL, 1, 'user17@ghost.com', 7);
INSERT INTO `Publicacion` (`Pub_ID`, `Pub_Likes`, `Pub_ImagenRuta`, `Pub_Privacidad`, `Usu_Correo`, `Rut_ID`) VALUES (26, 65, NULL, 1, 'user26@ghost.com', 11);
INSERT INTO `Publicacion` (`Pub_ID`, `Pub_Likes`, `Pub_ImagenRuta`, `Pub_Privacidad`, `Usu_Correo`, `Rut_ID`) VALUES (27, 397, NULL, 0, 'user17@ghost.com', 22);
INSERT INTO `Publicacion` (`Pub_ID`, `Pub_Likes`, `Pub_ImagenRuta`, `Pub_Privacidad`, `Usu_Correo`, `Rut_ID`) VALUES (28, 419, NULL, 1, 'user2@ghost.com', 22);
INSERT INTO `Publicacion` (`Pub_ID`, `Pub_Likes`, `Pub_ImagenRuta`, `Pub_Privacidad`, `Usu_Correo`, `Rut_ID`) VALUES (29, 400, NULL, 1, 'user9@ghost.com', 23);
INSERT INTO `Publicacion` (`Pub_ID`, `Pub_Likes`, `Pub_ImagenRuta`, `Pub_Privacidad`, `Usu_Correo`, `Rut_ID`) VALUES (30, 313, NULL, 0, 'user1@ghost.com', 3);
INSERT INTO `Publicacion` (`Pub_ID`, `Pub_Likes`, `Pub_ImagenRuta`, `Pub_Privacidad`, `Usu_Correo`, `Rut_ID`) VALUES (31, 85, NULL, 2, 'user9@ghost.com', 4);
INSERT INTO `Publicacion` (`Pub_ID`, `Pub_Likes`, `Pub_ImagenRuta`, `Pub_Privacidad`, `Usu_Correo`, `Rut_ID`) VALUES (32, 262, NULL, 2, 'user8@ghost.com', 7);
INSERT INTO `Publicacion` (`Pub_ID`, `Pub_Likes`, `Pub_ImagenRuta`, `Pub_Privacidad`, `Usu_Correo`, `Rut_ID`) VALUES (33, 45, NULL, 1, 'user11@ghost.com', 15);
INSERT INTO `Publicacion` (`Pub_ID`, `Pub_Likes`, `Pub_ImagenRuta`, `Pub_Privacidad`, `Usu_Correo`, `Rut_ID`) VALUES (34, 425, NULL, 1, 'user16@ghost.com', 18);
INSERT INTO `Publicacion` (`Pub_ID`, `Pub_Likes`, `Pub_ImagenRuta`, `Pub_Privacidad`, `Usu_Correo`, `Rut_ID`) VALUES (35, 303, NULL, 1, 'user3@ghost.com', 3);
INSERT INTO `Publicacion` (`Pub_ID`, `Pub_Likes`, `Pub_ImagenRuta`, `Pub_Privacidad`, `Usu_Correo`, `Rut_ID`) VALUES (36, 151, NULL, 0, 'user10@ghost.com', 6);
INSERT INTO `Publicacion` (`Pub_ID`, `Pub_Likes`, `Pub_ImagenRuta`, `Pub_Privacidad`, `Usu_Correo`, `Rut_ID`) VALUES (37, 344, NULL, 2, 'user20@ghost.com', 14);
INSERT INTO `Publicacion` (`Pub_ID`, `Pub_Likes`, `Pub_ImagenRuta`, `Pub_Privacidad`, `Usu_Correo`, `Rut_ID`) VALUES (38, 11, NULL, 0, 'user9@ghost.com', 2);
INSERT INTO `Publicacion` (`Pub_ID`, `Pub_Likes`, `Pub_ImagenRuta`, `Pub_Privacidad`, `Usu_Correo`, `Rut_ID`) VALUES (39, 39, NULL, 2, 'user20@ghost.com', 9);
INSERT INTO `Publicacion` (`Pub_ID`, `Pub_Likes`, `Pub_ImagenRuta`, `Pub_Privacidad`, `Usu_Correo`, `Rut_ID`) VALUES (40, 500, NULL, 2, 'user10@ghost.com', 11);





INSERT INTO `Cycling` (`Cyc_LongitudPedaleo`, `Usu_Correo`, `Ent_ID`, `Tipo`) VALUES (1.89, 'user25@ghost.com', 2, 'PR');
INSERT INTO `Cycling` (`Cyc_LongitudPedaleo`, `Usu_Correo`, `Ent_ID`, `Tipo`) VALUES (2.56, 'user4@ghost.com', 7, 'Normal');
INSERT INTO `Cycling` (`Cyc_LongitudPedaleo`, `Usu_Correo`, `Ent_ID`, `Tipo`) VALUES (2.94, 'user15@ghost.com', 10, 'PR');
INSERT INTO `Cycling` (`Cyc_LongitudPedaleo`, `Usu_Correo`, `Ent_ID`, `Tipo`) VALUES (2.25, 'user14@ghost.com', 12, 'Normal');
INSERT INTO `Cycling` (`Cyc_LongitudPedaleo`, `Usu_Correo`, `Ent_ID`, `Tipo`) VALUES (2.56, 'user20@ghost.com', 14, 'Normal');
INSERT INTO `Cycling` (`Cyc_LongitudPedaleo`, `Usu_Correo`, `Ent_ID`, `Tipo`) VALUES (1.87, 'user4@ghost.com', 15, 'PR');
INSERT INTO `Cycling` (`Cyc_LongitudPedaleo`, `Usu_Correo`, `Ent_ID`, `Tipo`) VALUES (2.8, 'user22@ghost.com', 18, 'Normal');
INSERT INTO `Cycling` (`Cyc_LongitudPedaleo`, `Usu_Correo`, `Ent_ID`, `Tipo`) VALUES (1.87, 'user28@ghost.com', 19, 'PR');
INSERT INTO `Cycling` (`Cyc_LongitudPedaleo`, `Usu_Correo`, `Ent_ID`, `Tipo`) VALUES (2.62, 'user19@ghost.com', 20, 'Normal');
INSERT INTO `Cycling` (`Cyc_LongitudPedaleo`, `Usu_Correo`, `Ent_ID`, `Tipo`) VALUES (2.58, 'user11@ghost.com', 21, 'PR');
INSERT INTO `Cycling` (`Cyc_LongitudPedaleo`, `Usu_Correo`, `Ent_ID`, `Tipo`) VALUES (2.12, 'user25@ghost.com', 22, 'Normal');
INSERT INTO `Cycling` (`Cyc_LongitudPedaleo`, `Usu_Correo`, `Ent_ID`, `Tipo`) VALUES (1.69, 'user1@ghost.com', 24, 'PR');
INSERT INTO `Cycling` (`Cyc_LongitudPedaleo`, `Usu_Correo`, `Ent_ID`, `Tipo`) VALUES (2.85, 'user24@ghost.com', 25, 'PR');
INSERT INTO `Cycling` (`Cyc_LongitudPedaleo`, `Usu_Correo`, `Ent_ID`, `Tipo`) VALUES (2.94, 'user10@ghost.com', 26, 'PR');
INSERT INTO `Cycling` (`Cyc_LongitudPedaleo`, `Usu_Correo`, `Ent_ID`, `Tipo`) VALUES (2.61, 'user29@ghost.com', 30, 'PR');
INSERT INTO `Cycling` (`Cyc_LongitudPedaleo`, `Usu_Correo`, `Ent_ID`, `Tipo`) VALUES (2.27, 'user16@ghost.com', 31, 'PR');
INSERT INTO `Cycling` (`Cyc_LongitudPedaleo`, `Usu_Correo`, `Ent_ID`, `Tipo`) VALUES (1.53, 'user7@ghost.com', 36, 'PR');
INSERT INTO `Cycling` (`Cyc_LongitudPedaleo`, `Usu_Correo`, `Ent_ID`, `Tipo`) VALUES (1.78, 'user4@ghost.com', 41, 'PR');
INSERT INTO `Cycling` (`Cyc_LongitudPedaleo`, `Usu_Correo`, `Ent_ID`, `Tipo`) VALUES (2.95, 'user16@ghost.com', 45, 'Normal');
INSERT INTO `Cycling` (`Cyc_LongitudPedaleo`, `Usu_Correo`, `Ent_ID`, `Tipo`) VALUES (1.53, 'user8@ghost.com', 46, 'PR');
INSERT INTO `Cycling` (`Cyc_LongitudPedaleo`, `Usu_Correo`, `Ent_ID`, `Tipo`) VALUES (2.91, 'user24@ghost.com', 48, 'PR');
INSERT INTO `Cycling` (`Cyc_LongitudPedaleo`, `Usu_Correo`, `Ent_ID`, `Tipo`) VALUES (2.86, 'user22@ghost.com', 49, 'Normal');





INSERT INTO `Running` (`Run_LongitudPaso`, `Usu_Correo`, `Ent_ID`, `Tipo`) VALUES (0.83, 'user24@ghost.com', 1, 'PR');
INSERT INTO `Running` (`Run_LongitudPaso`, `Usu_Correo`, `Ent_ID`, `Tipo`) VALUES (1.09, 'user16@ghost.com', 3, 'PR');
INSERT INTO `Running` (`Run_LongitudPaso`, `Usu_Correo`, `Ent_ID`, `Tipo`) VALUES (1.47, 'user21@ghost.com', 4, 'Normal');
INSERT INTO `Running` (`Run_LongitudPaso`, `Usu_Correo`, `Ent_ID`, `Tipo`) VALUES (1.3, 'user21@ghost.com', 5, 'Normal');
INSERT INTO `Running` (`Run_LongitudPaso`, `Usu_Correo`, `Ent_ID`, `Tipo`) VALUES (0.92, 'user10@ghost.com', 6, 'PR');
INSERT INTO `Running` (`Run_LongitudPaso`, `Usu_Correo`, `Ent_ID`, `Tipo`) VALUES (0.82, 'user4@ghost.com', 8, 'PR');
INSERT INTO `Running` (`Run_LongitudPaso`, `Usu_Correo`, `Ent_ID`, `Tipo`) VALUES (0.87, 'user0@ghost.com', 9, 'PR');
INSERT INTO `Running` (`Run_LongitudPaso`, `Usu_Correo`, `Ent_ID`, `Tipo`) VALUES (1.17, 'user26@ghost.com', 11, 'PR');
INSERT INTO `Running` (`Run_LongitudPaso`, `Usu_Correo`, `Ent_ID`, `Tipo`) VALUES (1.1, 'user23@ghost.com', 13, 'PR');
INSERT INTO `Running` (`Run_LongitudPaso`, `Usu_Correo`, `Ent_ID`, `Tipo`) VALUES (1.35, 'user13@ghost.com', 16, 'PR');
INSERT INTO `Running` (`Run_LongitudPaso`, `Usu_Correo`, `Ent_ID`, `Tipo`) VALUES (1.18, 'user3@ghost.com', 17, 'PR');
INSERT INTO `Running` (`Run_LongitudPaso`, `Usu_Correo`, `Ent_ID`, `Tipo`) VALUES (0.95, 'user18@ghost.com', 23, 'Normal');
INSERT INTO `Running` (`Run_LongitudPaso`, `Usu_Correo`, `Ent_ID`, `Tipo`) VALUES (1.12, 'user23@ghost.com', 27, 'Normal');
INSERT INTO `Running` (`Run_LongitudPaso`, `Usu_Correo`, `Ent_ID`, `Tipo`) VALUES (1.48, 'user25@ghost.com', 28, 'Normal');
INSERT INTO `Running` (`Run_LongitudPaso`, `Usu_Correo`, `Ent_ID`, `Tipo`) VALUES (1.31, 'user0@ghost.com', 29, 'PR');
INSERT INTO `Running` (`Run_LongitudPaso`, `Usu_Correo`, `Ent_ID`, `Tipo`) VALUES (0.97, 'user26@ghost.com', 32, 'PR');
INSERT INTO `Running` (`Run_LongitudPaso`, `Usu_Correo`, `Ent_ID`, `Tipo`) VALUES (0.81, 'user13@ghost.com', 33, 'PR');
INSERT INTO `Running` (`Run_LongitudPaso`, `Usu_Correo`, `Ent_ID`, `Tipo`) VALUES (1.27, 'user14@ghost.com', 34, 'Normal');
INSERT INTO `Running` (`Run_LongitudPaso`, `Usu_Correo`, `Ent_ID`, `Tipo`) VALUES (1.15, 'user5@ghost.com', 35, 'Normal');
INSERT INTO `Running` (`Run_LongitudPaso`, `Usu_Correo`, `Ent_ID`, `Tipo`) VALUES (1.04, 'user28@ghost.com', 37, 'Normal');
INSERT INTO `Running` (`Run_LongitudPaso`, `Usu_Correo`, `Ent_ID`, `Tipo`) VALUES (0.9, 'user8@ghost.com', 38, 'Normal');
INSERT INTO `Running` (`Run_LongitudPaso`, `Usu_Correo`, `Ent_ID`, `Tipo`) VALUES (1.04, 'user12@ghost.com', 39, 'Normal');
INSERT INTO `Running` (`Run_LongitudPaso`, `Usu_Correo`, `Ent_ID`, `Tipo`) VALUES (1.21, 'user11@ghost.com', 40, 'Normal');
INSERT INTO `Running` (`Run_LongitudPaso`, `Usu_Correo`, `Ent_ID`, `Tipo`) VALUES (1.16, 'user15@ghost.com', 42, 'PR');
INSERT INTO `Running` (`Run_LongitudPaso`, `Usu_Correo`, `Ent_ID`, `Tipo`) VALUES (1.44, 'user24@ghost.com', 43, 'Normal');
INSERT INTO `Running` (`Run_LongitudPaso`, `Usu_Correo`, `Ent_ID`, `Tipo`) VALUES (1.01, 'user5@ghost.com', 44, 'PR');
INSERT INTO `Running` (`Run_LongitudPaso`, `Usu_Correo`, `Ent_ID`, `Tipo`) VALUES (1.49, 'user4@ghost.com', 47, 'PR');
INSERT INTO `Running` (`Run_LongitudPaso`, `Usu_Correo`, `Ent_ID`, `Tipo`) VALUES (0.81, 'user26@ghost.com', 50, 'PR');






INSERT INTO `Entrenamientos_Usuario` (`Usu_Correo`, `Ent_ID`) VALUES ('user24@ghost.com', 1);
INSERT INTO `Entrenamientos_Usuario` (`Usu_Correo`, `Ent_ID`) VALUES ('user25@ghost.com', 2);
INSERT INTO `Entrenamientos_Usuario` (`Usu_Correo`, `Ent_ID`) VALUES ('user16@ghost.com', 3);
INSERT INTO `Entrenamientos_Usuario` (`Usu_Correo`, `Ent_ID`) VALUES ('user21@ghost.com', 4);
INSERT INTO `Entrenamientos_Usuario` (`Usu_Correo`, `Ent_ID`) VALUES ('user21@ghost.com', 5);
INSERT INTO `Entrenamientos_Usuario` (`Usu_Correo`, `Ent_ID`) VALUES ('user10@ghost.com', 6);
INSERT INTO `Entrenamientos_Usuario` (`Usu_Correo`, `Ent_ID`) VALUES ('user4@ghost.com', 7);
INSERT INTO `Entrenamientos_Usuario` (`Usu_Correo`, `Ent_ID`) VALUES ('user4@ghost.com', 8);
INSERT INTO `Entrenamientos_Usuario` (`Usu_Correo`, `Ent_ID`) VALUES ('user0@ghost.com', 9);
INSERT INTO `Entrenamientos_Usuario` (`Usu_Correo`, `Ent_ID`) VALUES ('user15@ghost.com', 10);
INSERT INTO `Entrenamientos_Usuario` (`Usu_Correo`, `Ent_ID`) VALUES ('user26@ghost.com', 11);
INSERT INTO `Entrenamientos_Usuario` (`Usu_Correo`, `Ent_ID`) VALUES ('user14@ghost.com', 12);
INSERT INTO `Entrenamientos_Usuario` (`Usu_Correo`, `Ent_ID`) VALUES ('user23@ghost.com', 13);
INSERT INTO `Entrenamientos_Usuario` (`Usu_Correo`, `Ent_ID`) VALUES ('user20@ghost.com', 14);
INSERT INTO `Entrenamientos_Usuario` (`Usu_Correo`, `Ent_ID`) VALUES ('user4@ghost.com', 15);
INSERT INTO `Entrenamientos_Usuario` (`Usu_Correo`, `Ent_ID`) VALUES ('user13@ghost.com', 16);
INSERT INTO `Entrenamientos_Usuario` (`Usu_Correo`, `Ent_ID`) VALUES ('user3@ghost.com', 17);
INSERT INTO `Entrenamientos_Usuario` (`Usu_Correo`, `Ent_ID`) VALUES ('user22@ghost.com', 18);
INSERT INTO `Entrenamientos_Usuario` (`Usu_Correo`, `Ent_ID`) VALUES ('user28@ghost.com', 19);
INSERT INTO `Entrenamientos_Usuario` (`Usu_Correo`, `Ent_ID`) VALUES ('user19@ghost.com', 20);
INSERT INTO `Entrenamientos_Usuario` (`Usu_Correo`, `Ent_ID`) VALUES ('user11@ghost.com', 21);
INSERT INTO `Entrenamientos_Usuario` (`Usu_Correo`, `Ent_ID`) VALUES ('user25@ghost.com', 22);
INSERT INTO `Entrenamientos_Usuario` (`Usu_Correo`, `Ent_ID`) VALUES ('user18@ghost.com', 23);
INSERT INTO `Entrenamientos_Usuario` (`Usu_Correo`, `Ent_ID`) VALUES ('user1@ghost.com', 24);
INSERT INTO `Entrenamientos_Usuario` (`Usu_Correo`, `Ent_ID`) VALUES ('user24@ghost.com', 25);
INSERT INTO `Entrenamientos_Usuario` (`Usu_Correo`, `Ent_ID`) VALUES ('user10@ghost.com', 26);
INSERT INTO `Entrenamientos_Usuario` (`Usu_Correo`, `Ent_ID`) VALUES ('user23@ghost.com', 27);
INSERT INTO `Entrenamientos_Usuario` (`Usu_Correo`, `Ent_ID`) VALUES ('user25@ghost.com', 28);
INSERT INTO `Entrenamientos_Usuario` (`Usu_Correo`, `Ent_ID`) VALUES ('user0@ghost.com', 29);
INSERT INTO `Entrenamientos_Usuario` (`Usu_Correo`, `Ent_ID`) VALUES ('user29@ghost.com', 30);
INSERT INTO `Entrenamientos_Usuario` (`Usu_Correo`, `Ent_ID`) VALUES ('user16@ghost.com', 31);
INSERT INTO `Entrenamientos_Usuario` (`Usu_Correo`, `Ent_ID`) VALUES ('user26@ghost.com', 32);
INSERT INTO `Entrenamientos_Usuario` (`Usu_Correo`, `Ent_ID`) VALUES ('user13@ghost.com', 33);
INSERT INTO `Entrenamientos_Usuario` (`Usu_Correo`, `Ent_ID`) VALUES ('user14@ghost.com', 34);
INSERT INTO `Entrenamientos_Usuario` (`Usu_Correo`, `Ent_ID`) VALUES ('user5@ghost.com', 35);
INSERT INTO `Entrenamientos_Usuario` (`Usu_Correo`, `Ent_ID`) VALUES ('user7@ghost.com', 36);
INSERT INTO `Entrenamientos_Usuario` (`Usu_Correo`, `Ent_ID`) VALUES ('user28@ghost.com', 37);
INSERT INTO `Entrenamientos_Usuario` (`Usu_Correo`, `Ent_ID`) VALUES ('user8@ghost.com', 38);
INSERT INTO `Entrenamientos_Usuario` (`Usu_Correo`, `Ent_ID`) VALUES ('user12@ghost.com', 39);
INSERT INTO `Entrenamientos_Usuario` (`Usu_Correo`, `Ent_ID`) VALUES ('user11@ghost.com', 40);
INSERT INTO `Entrenamientos_Usuario` (`Usu_Correo`, `Ent_ID`) VALUES ('user4@ghost.com', 41);
INSERT INTO `Entrenamientos_Usuario` (`Usu_Correo`, `Ent_ID`) VALUES ('user15@ghost.com', 42);
INSERT INTO `Entrenamientos_Usuario` (`Usu_Correo`, `Ent_ID`) VALUES ('user24@ghost.com', 43);
INSERT INTO `Entrenamientos_Usuario` (`Usu_Correo`, `Ent_ID`) VALUES ('user5@ghost.com', 44);
INSERT INTO `Entrenamientos_Usuario` (`Usu_Correo`, `Ent_ID`) VALUES ('user16@ghost.com', 45);
INSERT INTO `Entrenamientos_Usuario` (`Usu_Correo`, `Ent_ID`) VALUES ('user8@ghost.com', 46);
INSERT INTO `Entrenamientos_Usuario` (`Usu_Correo`, `Ent_ID`) VALUES ('user4@ghost.com', 47);
INSERT INTO `Entrenamientos_Usuario` (`Usu_Correo`, `Ent_ID`) VALUES ('user24@ghost.com', 48);
INSERT INTO `Entrenamientos_Usuario` (`Usu_Correo`, `Ent_ID`) VALUES ('user22@ghost.com', 49);
INSERT INTO `Entrenamientos_Usuario` (`Usu_Correo`, `Ent_ID`) VALUES ('user26@ghost.com', 50);





INSERT INTO `Seguidos` (`Usu_Correo1`, `Usu_Correo2`) VALUES ('user0@ghost.com', 'user19@ghost.com');
INSERT INTO `Seguidos` (`Usu_Correo1`, `Usu_Correo2`) VALUES ('user29@ghost.com', 'user5@ghost.com');
INSERT INTO `Seguidos` (`Usu_Correo1`, `Usu_Correo2`) VALUES ('user26@ghost.com', 'user27@ghost.com');
INSERT INTO `Seguidos` (`Usu_Correo1`, `Usu_Correo2`) VALUES ('user9@ghost.com', 'user26@ghost.com');
INSERT INTO `Seguidos` (`Usu_Correo1`, `Usu_Correo2`) VALUES ('user7@ghost.com', 'user12@ghost.com');
INSERT INTO `Seguidos` (`Usu_Correo1`, `Usu_Correo2`) VALUES ('user26@ghost.com', 'user15@ghost.com');
INSERT INTO `Seguidos` (`Usu_Correo1`, `Usu_Correo2`) VALUES ('user23@ghost.com', 'user11@ghost.com');
INSERT INTO `Seguidos` (`Usu_Correo1`, `Usu_Correo2`) VALUES ('user27@ghost.com', 'user11@ghost.com');
INSERT INTO `Seguidos` (`Usu_Correo1`, `Usu_Correo2`) VALUES ('user2@ghost.com', 'user18@ghost.com');
INSERT INTO `Seguidos` (`Usu_Correo1`, `Usu_Correo2`) VALUES ('user13@ghost.com', 'user25@ghost.com');
INSERT INTO `Seguidos` (`Usu_Correo1`, `Usu_Correo2`) VALUES ('user3@ghost.com', 'user22@ghost.com');
INSERT INTO `Seguidos` (`Usu_Correo1`, `Usu_Correo2`) VALUES ('user0@ghost.com', 'user24@ghost.com');
INSERT INTO `Seguidos` (`Usu_Correo1`, `Usu_Correo2`) VALUES ('user5@ghost.com', 'user0@ghost.com');
INSERT INTO `Seguidos` (`Usu_Correo1`, `Usu_Correo2`) VALUES ('user19@ghost.com', 'user17@ghost.com');
INSERT INTO `Seguidos` (`Usu_Correo1`, `Usu_Correo2`) VALUES ('user8@ghost.com', 'user11@ghost.com');
INSERT INTO `Seguidos` (`Usu_Correo1`, `Usu_Correo2`) VALUES ('user23@ghost.com', 'user6@ghost.com');
INSERT INTO `Seguidos` (`Usu_Correo1`, `Usu_Correo2`) VALUES ('user27@ghost.com', 'user29@ghost.com');
INSERT INTO `Seguidos` (`Usu_Correo1`, `Usu_Correo2`) VALUES ('user12@ghost.com', 'user6@ghost.com');
INSERT INTO `Seguidos` (`Usu_Correo1`, `Usu_Correo2`) VALUES ('user10@ghost.com', 'user5@ghost.com');
INSERT INTO `Seguidos` (`Usu_Correo1`, `Usu_Correo2`) VALUES ('user25@ghost.com', 'user5@ghost.com');
INSERT INTO `Seguidos` (`Usu_Correo1`, `Usu_Correo2`) VALUES ('user15@ghost.com', 'user21@ghost.com');
INSERT INTO `Seguidos` (`Usu_Correo1`, `Usu_Correo2`) VALUES ('user4@ghost.com', 'user19@ghost.com');
INSERT INTO `Seguidos` (`Usu_Correo1`, `Usu_Correo2`) VALUES ('user18@ghost.com', 'user16@ghost.com');
INSERT INTO `Seguidos` (`Usu_Correo1`, `Usu_Correo2`) VALUES ('user13@ghost.com', 'user18@ghost.com');
INSERT INTO `Seguidos` (`Usu_Correo1`, `Usu_Correo2`) VALUES ('user20@ghost.com', 'user29@ghost.com');
INSERT INTO `Seguidos` (`Usu_Correo1`, `Usu_Correo2`) VALUES ('user27@ghost.com', 'user7@ghost.com');
INSERT INTO `Seguidos` (`Usu_Correo1`, `Usu_Correo2`) VALUES ('user28@ghost.com', 'user0@ghost.com');
INSERT INTO `Seguidos` (`Usu_Correo1`, `Usu_Correo2`) VALUES ('user1@ghost.com', 'user13@ghost.com');
INSERT INTO `Seguidos` (`Usu_Correo1`, `Usu_Correo2`) VALUES ('user28@ghost.com', 'user19@ghost.com');
INSERT INTO `Seguidos` (`Usu_Correo1`, `Usu_Correo2`) VALUES ('user1@ghost.com', 'user20@ghost.com');